slug,title,publisher,url,pages
usace-em-1110-2-2104,Strength Design for Reinforced Concrete Hydraulic Structures (2016),USACE,https://www.publications.usace.army.mil/Portals/76/Publications/EngineerManuals/EM_1110-2-2104.pdf,120
usace-em-1110-2-6053,Earthquake Design and Evaluation of Concrete Hydraulic Structures (2007),USACE,https://www.publications.usace.army.mil/Portals/76/Publications/EngineerManuals/EM_1110-2-6053.pdf,200
usace-em-1110-2-2100,Stability Analysis of Concrete Structures (2005),USACE,https://www.publications.usace.army.mil/Portals/76/Publications/EngineerManuals/EM_1110-2-2100.pdf,200
usace-em-1110-2-1913,Design and Construction of Levees (2000),USACE,https://www.publications.usace.army.mil/Portals/76/Publications/EngineerManuals/EM_1110-2-1913.pdf,150
nist-gcr-16-917-40,NEHRP Seismic Design Technical Brief 1: RC Special Moment Frames (2nd ed.),NIST,https://nvlpubs.nist.gov/nistpubs/gcr/2016/NIST.GCR.16-917-40.pdf,42
nist-gcr-16-917-41,NEHRP Seismic Design Technical Brief 2: Steel Special Moment Frames (2nd ed.),NIST,https://nvlpubs.nist.gov/nistpubs/gcr/2016/NIST.GCR.16-917-41.pdf,36
nist-gcr-16-917-42,"NEHRP Seismic Design Technical Brief 3: Cast-in-Place Concrete Diaphragms, Chords and Collectors (2nd ed.)",NIST,https://nvlpubs.nist.gov/nistpubs/gcr/2016/NIST.GCR.16-917-42.pdf,39
nist-brief-4,NEHRP Seismic Design Technical Brief 4: Nonlinear Structural Analysis for Seismic Design,NIST,https://tsapps.nist.gov/publication/get_pdf.cfm?pub_id=915469,32
nist-gcr-17-917-47,NEHRP Seismic Design Technical Brief 13: Precast Concrete Diaphragms,NIST,https://nvlpubs.nist.gov/nistpubs/gcr/2017/NIST.GCR.17-917-47.pdf,41
fhwa-nhi-23-024,Bridge Inspector's Reference Manual (NHI-23-024; 2023),FHWA,https://www.fhwa.dot.gov/bridge/nbis/pubs/nhi23024.pdf,1000
fhwa-nhi-15-047,LRFD for Highway Bridge Superstructures Reference Manual (NHI-15-047),FHWA,https://www.fhwa.dot.gov/bridge/pubs/nhi15047.pdf,1700
fhwa-nhi-15-044,Engineering for Structural Stability in Bridge Construction (NHI-15-044),FHWA,https://www.fhwa.dot.gov/bridge/pubs/nhi15044.pdf,300
fhwa-nhi-16-016,Design and Evaluation of Steel Bridges for Fatigue and Fracture (NHI-16-016),FHWA,https://www.fhwa.dot.gov/bridge/steel/pubs/nhi16016.pdf,310
fhwa-nhi-04-041,LRFD Design Example: Steel Girder Superstructure Bridge with Commentary (NHI-04-041),FHWA,https://www.fhwa.dot.gov/bridge/lrfd/fhwanhi04041_steel.pdf,640
fhwa-hif-18-046,Manual for Refined Analysis in Bridge Design and Evaluation (HIF-18-046),FHWA,https://www.fhwa.dot.gov/bridge/pubs/hif18046.pdf,
nasa-std-5001b,"NASA-STD-5001B w/Change 3: Structural Design and Test Factors of Safety",NASA,https://standards.nasa.gov/sites/default/files/standards/NASA/B-w/CHANGE-3/3/2022-10-24-NASA-STD-5001B-w-Change-3-Approved.pdf,36
nasa-std-5020b,NASA-STD-5020B: Threaded Fastening Systems in Spaceflight Hardware,NASA,https://standards.nasa.gov/sites/default/files/standards/NASA/B/0/2021-08-06-nasa-std-5020b_final.pdf,114
fema-nehrp-examples-v1,2020 NEHRP Design Examples Vol. 1,FEMA,https://www.fema.gov/sites/default/files/documents/fema_nehrp_design-examples-training-materials_volume-1.pdf,
fema-p-2012,FEMA P-2012: Assessing Seismic Performance of Buildings with Configuration Irregularities,FEMA,https://www.fema.gov/sites/default/files/2020-08/fema_assessing-seismic-performance-irregularities_p-2012.pdf,
fema-p-155,FEMA P-155: Rapid Visual Screening of Buildings for Potential Seismic Hazards: Supporting Documentation (3rd ed.),FEMA,https://www.fema.gov/sites/default/files/2020-07/fema_earthquakes_rapid-visual-screening-of-buildings-for-potential-seismic-hazards-supporting-documentation-third-edition-fema-p-155.pdf,
fema-p-1050-1,FEMA P-1050-1: 2015 NEHRP Recommended Seismic Provisions for New Buildings and Other Structures,FEMA,https://www.fema.gov/sites/default/files/2020-07/fema_nehrp-seismic-provisions-new-buildings_p-1050-1_2015.pdf,
fema-p-1051,FEMA P-1051: 2015 NEHRP Recommended Seismic Provisions: Design Examples,FEMA,https://www.fema.gov/sites/default/files/2020-07/fema_nehrp-seismic-provisions-examples_p-1051_7-2016.pdf,
fema-p-2082-1,FEMA P-2082-1: 2020 NEHRP Recommended Seismic Provisions (Parts 1 and 2),FEMA,https://www.fema.gov/sites/default/files/2020-10/fema_2020-nehrp-provisions_part-1-and-part-2.pdf,
fhwa-nhi-15-058,LRFD for Highway Bridge Superstructures: Design Examples (NHI-15-058),FHWA,https://www.fhwa.dot.gov/bridge/pubs/nhi15058.pdf,
fhwa-hif-19-088,Bridge Welding Reference Manual (HIF-19-088),FHWA,https://www.fhwa.dot.gov/bridge/steel/pubs/hif19088.pdf,
fhwa-hif-13-020,Manual for Repair and Retrofit of Fatigue Cracks in Steel Bridges (HIF-13-020),FHWA,https://www.fhwa.dot.gov/bridge/steel/pubs/hif13020/hif13020.pdf,
fhwa-if-12-027,Manual for Orthotropic Deck Bridges (IF-12-027),FHWA,https://www.fhwa.dot.gov/bridge/pubs/if12027/if12027.pdf,
fhwa-sbdh-v01,Steel Bridge Design Handbook (HIF-16-002; 2015): Bridge Steels and Their Mechanical Properties,FHWA,https://rosap.ntl.bts.gov/view/dot/42712/dot_42712_DS1.pdf,
fhwa-sbdh-v02,Steel Bridge Design Handbook (HIF-16-002; 2015): Steel Bridge Fabrication,FHWA,https://rosap.ntl.bts.gov/view/dot/42901/dot_42901_DS1.pdf,
fhwa-sbdh-v03,Steel Bridge Design Handbook (HIF-16-002; 2015): Structural Steel Bridge Shop Drawings,FHWA,https://rosap.ntl.bts.gov/view/dot/42894/dot_42894_DS1.pdf,
fhwa-sbdh-v04,Steel Bridge Design Handbook (HIF-16-002; 2015): Structural Behavior of Steel,FHWA,https://rosap.ntl.bts.gov/view/dot/42892/dot_42892_DS1.pdf,
fhwa-sbdh-v05,Steel Bridge Design Handbook (HIF-16-002; 2015): Selecting the Right Bridge Type,FHWA,https://rosap.ntl.bts.gov/view/dot/42909/dot_42909_DS1.pdf,
fhwa-sbdh-v06,Steel Bridge Design Handbook (HIF-16-002; 2015): Stringer Bridges and Making the Right Choices,FHWA,https://rosap.ntl.bts.gov/view/dot/42713/dot_42713_DS1.pdf,
fhwa-sbdh-v07,Steel Bridge Design Handbook (HIF-16-002; 2015): Loads and Load Combinations,FHWA,https://rosap.ntl.bts.gov/view/dot/42714/dot_42714_DS1.pdf,
fhwa-sbdh-v08,Steel Bridge Design Handbook (HIF-16-002; 2015): Structural Analysis,FHWA,https://rosap.ntl.bts.gov/view/dot/42906/dot_42906_DS1.pdf,
fhwa-sbdh-v09,Steel Bridge Design Handbook (HIF-16-002; 2015): Redundancy,FHWA,https://rosap.ntl.bts.gov/view/dot/42893/dot_42893_DS1.pdf,
fhwa-sbdh-v10,Steel Bridge Design Handbook (HIF-16-002; 2015): Limit States,FHWA,https://rosap.ntl.bts.gov/view/dot/42895/dot_42895_DS1.pdf,
fhwa-sbdh-v11,Steel Bridge Design Handbook (HIF-16-002; 2015): Design for Constructibility,FHWA,https://rosap.ntl.bts.gov/view/dot/42905/dot_42905_DS1.pdf,
fhwa-sbdh-v12,Steel Bridge Design Handbook (HIF-16-002; 2015): Design for Fatigue,FHWA,https://rosap.ntl.bts.gov/view/dot/42898/dot_42898_DS1.pdf,
fhwa-sbdh-v13,Steel Bridge Design Handbook (HIF-16-002; 2015): Bracing System Design,FHWA,https://rosap.ntl.bts.gov/view/dot/42710/dot_42710_DS1.pdf,
fhwa-sbdh-v14,Steel Bridge Design Handbook (HIF-16-002; 2015): Splice Design,FHWA,https://rosap.ntl.bts.gov/view/dot/42902/dot_42902_DS1.pdf,
fhwa-sbdh-v15,Steel Bridge Design Handbook (HIF-16-002; 2015): Bearing Design,FHWA,https://rosap.ntl.bts.gov/view/dot/42711/dot_42711_DS1.pdf,
fhwa-sbdh-v16,Steel Bridge Design Handbook (HIF-16-002; 2015): Substructure Design,FHWA,https://rosap.ntl.bts.gov/view/dot/42897/dot_42897_DS1.pdf,
fhwa-sbdh-v17,Steel Bridge Design Handbook (HIF-16-002; 2015): Bridge Deck Design,FHWA,https://rosap.ntl.bts.gov/view/dot/42908/dot_42908_DS1.pdf,
fhwa-sbdh-v18,Steel Bridge Design Handbook (HIF-16-002; 2015): Load Rating of Steel Bridges,FHWA,https://rosap.ntl.bts.gov/view/dot/42900/dot_42900_DS1.pdf,
fhwa-sbdh-v19,Steel Bridge Design Handbook (HIF-16-002; 2015): Corrosion Protection of Steel Bridges,FHWA,https://rosap.ntl.bts.gov/view/dot/42715/dot_42715_DS1.pdf,
fhwa-sbdh-ex1,Steel Bridge Design Handbook (HIF-16-002; 2015): Design Example 1: Three-Span Continuous Straight Composite Steel I-Girder Bridge,FHWA,https://rosap.ntl.bts.gov/view/dot/42904/dot_42904_DS1.pdf,
fhwa-sbdh-ex2a,Steel Bridge Design Handbook (HIF-16-002; 2015): Design Example 2A: Two-Span Continuous Straight Composite Steel I-Girder Bridge,FHWA,https://rosap.ntl.bts.gov/view/dot/42891/dot_42891_DS1.pdf,
fhwa-sbdh-ex2b,Steel Bridge Design Handbook (HIF-16-002; 2015): Design Example 2B: Two-Span Continuous Straight Composite Steel Wide-Flange Beam Bridge,FHWA,https://rosap.ntl.bts.gov/view/dot/42907/dot_42907_DS1.pdf,
fhwa-sbdh-ex3,Steel Bridge Design Handbook (HIF-16-002; 2015): Design Example 3: Three-Span Continuous Horizontally Curved Composite Steel I-Girder Bridge,FHWA,https://rosap.ntl.bts.gov/view/dot/42903/dot_42903_DS1.pdf,
fhwa-sbdh-ex4,Steel Bridge Design Handbook (HIF-16-002; 2015): Design Example 4: Three-Span Continuous Straight Composite Steel Tub Girder Bridge,FHWA,https://rosap.ntl.bts.gov/view/dot/42899/dot_42899_DS1.pdf,
fhwa-sbdh-ex5,Steel Bridge Design Handbook (HIF-16-002; 2015): Design Example 5: Three-Span Continuous Horizontally Curved Composite Steel Tub-Girder Bridge,FHWA,https://rosap.ntl.bts.gov/view/dot/42896/dot_42896_DS1.pdf,
