slug,publisher,title,url,sha256,pages,tokens
usace-em-1110-2-2104,USACE,Strength Design for Reinforced Concrete Hydraulic Structures (2016),https://www.publications.usace.army.mil/Portals/76/Publications/EngineerManuals/EM_1110-2-2104.pdf,e319556b0ba994a4737083f77af0b42972314c6d77df07f1efe9c98b2a05df3a,138,40518
usace-em-1110-2-6053,USACE,Earthquake Design and Evaluation of Concrete Hydraulic Structures (2007),https://www.publications.usace.army.mil/Portals/76/Publications/EngineerManuals/EM_1110-2-6053.pdf,c4f09eb0a9b98e30240e5e72285e3e0dfd0db517770c1be8bc5b8386487143e1,247,79424
usace-em-1110-2-2100,USACE,Stability Analysis of Concrete Structures (2005),https://www.publications.usace.army.mil/Portals/76/Publications/EngineerManuals/EM_1110-2-2100.pdf,95397c6f43063dff5f851f1a16b3987cacd90ff341da743e2297680178238e0d,161,58495
usace-em-1110-2-1913,USACE,Design and Construction of Levees (2000),https://www.publications.usace.army.mil/Portals/76/Publications/EngineerManuals/EM_1110-2-1913.pdf,de39b29330a02455d8d6df0f1318529bd1768be75c606dc2ab72f12f30d1b0ec,164,69698
nist-gcr-16-917-40,NIST,NEHRP Seismic Design Technical Brief 1: RC Special Moment Frames (2nd ed.),https://nvlpubs.nist.gov/nistpubs/gcr/2016/NIST.GCR.16-917-40.pdf,e5b95a1f98b237849674f0fb4745c85a6323d7791f6fb09731a3840b7da86b95,46,27286
nist-gcr-16-917-41,NIST,NEHRP Seismic Design Technical Brief 2: Steel Special Moment Frames (2nd ed.),https://nvlpubs.nist.gov/nistpubs/gcr/2016/NIST.GCR.16-917-41.pdf,7b6ce53925aeab1b42c06ddcc68552a0669b6618ede80e1a98508be35423e7f7,40,27309
nist-gcr-16-917-42,NIST,"NEHRP Seismic Design Technical Brief 3: Cast-in-Place Concrete Diaphragms, Chords and Collectors (2nd ed.)",https://nvlpubs.nist.gov/nistpubs/gcr/2016/NIST.GCR.16-917-42.pdf,b7e6f9a402f6aaddb4776f063a6e977a0eea623b24d86c3a1a45cae03c01496a,43,25771
nist-brief-4,NIST,NEHRP Seismic Design Technical Brief 4: Nonlinear Structural Analysis for Seismic Design,https://tsapps.nist.gov/publication/get_pdf.cfm?pub_id=915469,7fa7696fcd4477c5b71195d4cad0e9d19d2ebe0d258672d20d9bcd50b96609a8,36,21687
nist-gcr-17-917-47,NIST,NEHRP Seismic Design Technical Brief 13: Precast Concrete Diaphragms,https://nvlpubs.nist.gov/nistpubs/gcr/2017/NIST.GCR.17-917-47.pdf,676ad4c88faaf23531749b6456bd412520e17234ffe5229a774a7c421fcd292c,45,27818
fhwa-nhi-23-024,FHWA,Bridge Inspector's Reference Manual (NHI-23-024; 2023),https://www.fhwa.dot.gov/bridge/nbis/pubs/nhi23024.pdf,bc06f9741c87e3f0eeeee9ad0c5b01aa0dcff7a1624e59bf23799c372a992f5d,1412,352286
fhwa-nhi-15-047,FHWA,LRFD for Highway Bridge Superstructures Reference Manual (NHI-15-047),https://www.fhwa.dot.gov/bridge/pubs/nhi15047.pdf,c606c3d8e75afda9cf29e501974927964e1b7694fa6de8aaebaa86cd3584b8b5,1694,688659
fhwa-nhi-15-044,FHWA,Engineering for Structural Stability in Bridge Construction (NHI-15-044),https://www.fhwa.dot.gov/bridge/pubs/nhi15044.pdf,760fe1029e8b4ebde24ebd2cc90149dcbd1455f4a1aa90b67386ef4f0f37cdfb,670,160683
fhwa-nhi-16-016,FHWA,Design and Evaluation of Steel Bridges for Fatigue and Fracture (NHI-16-016),https://www.fhwa.dot.gov/bridge/steel/pubs/nhi16016.pdf,63eacf7556e9d9929f09f49b7ad06862667a8813a00729f376c92612afebc54e,310,121168
fhwa-nhi-04-041,FHWA,LRFD Design Example: Steel Girder Superstructure Bridge with Commentary (NHI-04-041),https://www.fhwa.dot.gov/bridge/lrfd/fhwanhi04041_steel.pdf,83c8b7ac89bc109390dc2a69e8947a448e81ce41bef5dcc0e48521c7986fd1be,648,89987
fhwa-hif-18-046,FHWA,Manual for Refined Analysis in Bridge Design and Evaluation (HIF-18-046),https://www.fhwa.dot.gov/bridge/pubs/hif18046.pdf,5447c9d516ec7f8ba7b36252e975be07a076b0dd009ce8fb8c26b0050f405b18,709,196645
nasa-std-5001b,NASA,NASA-STD-5001B w/Change 3: Structural Design and Test Factors of Safety,https://standards.nasa.gov/sites/default/files/standards/NASA/B-w/CHANGE-3/3/2022-10-24-NASA-STD-5001B-w-Change-3-Approved.pdf,f4d15692f1181ee1b9d47f3394bb2a7f79b707e98cdba6d5bf523e8e4cfb6bb5,36,11182
nasa-std-5020b,NASA,NASA-STD-5020B: Threaded Fastening Systems in Spaceflight Hardware,https://standards.nasa.gov/sites/default/files/standards/NASA/B/0/2021-08-06-nasa-std-5020b_final.pdf,26e758e41bae4e71d9f0a72775af614d9e062c7f1467105003a032b1ab4c206c,114,41131
fema-nehrp-examples-v1,FEMA,2020 NEHRP Design Examples Vol. 1,https://www.fema.gov/sites/default/files/documents/fema_nehrp_design-examples-training-materials_volume-1.pdf,22491056949e1f6e64d2567c7bf7ccac1a3f70f5cc2a5963c9e9e81e09faf26d,457,170230
fema-p-2012,FEMA,FEMA P-2012: Assessing Seismic Performance of Buildings with Configuration Irregularities,https://www.fema.gov/sites/default/files/2020-08/fema_assessing-seismic-performance-irregularities_p-2012.pdf,72f8c85e9a4607d0cc54b041694d9f56b0731fce9c513b4f2176ebcb76b4f177,366,109846
fema-p-155,FEMA,FEMA P-155: Rapid Visual Screening of Buildings for Potential Seismic Hazards: Supporting Documentation (3rd ed.),https://www.fema.gov/sites/default/files/2020-07/fema_earthquakes_rapid-visual-screening-of-buildings-for-potential-seismic-hazards-supporting-documentation-third-edition-fema-p-155.pdf,4183a75e597f7a197fa0e16e5826deac63bbe74a90bda3393b06348c7d7dba8e,206,64102
fema-p-1050-1,FEMA,FEMA P-1050-1: 2015 NEHRP Recommended Seismic Provisions for New Buildings and Other Structures,https://www.fema.gov/sites/default/files/2020-07/fema_nehrp-seismic-provisions-new-buildings_p-1050-1_2015.pdf,d91db7603cf771246ab8287dbd126eb5ac5caa808aebe16d61e4eddc14179fa8,555,323017
fema-p-1051,FEMA,FEMA P-1051: 2015 NEHRP Recommended Seismic Provisions: Design Examples,https://www.fema.gov/sites/default/files/2020-07/fema_nehrp-seismic-provisions-examples_p-1051_7-2016.pdf,a50050856422ea1112b63affb1695586201fbed251e2a7a2aa1801ab086f6797,995,414976
fema-p-2082-1,FEMA,FEMA P-2082-1: 2020 NEHRP Recommended Seismic Provisions (Parts 1 and 2),https://www.fema.gov/sites/default/files/2020-10/fema_2020-nehrp-provisions_part-1-and-part-2.pdf,b8db3810b641ed93cada62330ecac6757cba7c7c2f2831e018fc6c2f4d522c2b,593,226265
fhwa-nhi-15-058,FHWA,LRFD for Highway Bridge Superstructures: Design Examples (NHI-15-058),https://www.fhwa.dot.gov/bridge/pubs/nhi15058.pdf,1a279ecc0d974540c5d4d148eaa91ef75aa21509e5edf3bff2383f4ccdfa7686,630,110725
fhwa-hif-19-088,FHWA,Bridge Welding Reference Manual (HIF-19-088),https://www.fhwa.dot.gov/bridge/steel/pubs/hif19088.pdf,d317b8e9ebb50290b5648a9a7b7876579538caaade41a8b551bb7229cc064046,348,142543
fhwa-hif-13-020,FHWA,Manual for Repair and Retrofit of Fatigue Cracks in Steel Bridges (HIF-13-020),https://www.fhwa.dot.gov/bridge/steel/pubs/hif13020/hif13020.pdf,2293e96c114aa63c3510269492dfb8d974fe699138b4f3b03a02d635991aaf10,134,39697
fhwa-if-12-027,FHWA,Manual for Orthotropic Deck Bridges (IF-12-027),https://www.fhwa.dot.gov/bridge/pubs/if12027/if12027.pdf,21d1255672dd8135fc8f899a73b0c415166edcbb4ed684aa050f0b4bd755c34f,291,113607
fhwa-sbdh-v01,FHWA,Steel Bridge Design Handbook (HIF-16-002; 2015): Bridge Steels and Their Mechanical Properties,https://rosap.ntl.bts.gov/view/dot/42712/dot_42712_DS1.pdf,081ffa683f26f347d794190caa74e4eb1cef696a2d4884a8d6b6b2106eaf5bfa,55,23543
fhwa-sbdh-v02,FHWA,Steel Bridge Design Handbook (HIF-16-002; 2015): Steel Bridge Fabrication,https://rosap.ntl.bts.gov/view/dot/42901/dot_42901_DS1.pdf,8dbe6bdd145b93ba1cfc0c35a7241caa99ca079836f03cd9314f9ba59a339474,33,9341
fhwa-sbdh-v03,FHWA,Steel Bridge Design Handbook (HIF-16-002; 2015): Structural Steel Bridge Shop Drawings,https://rosap.ntl.bts.gov/view/dot/42894/dot_42894_DS1.pdf,0a183509d9c7952eb5a07c82ea65e418e803708b644b3c5830a739619babb363,42,5343
fhwa-sbdh-v04,FHWA,Steel Bridge Design Handbook (HIF-16-002; 2015): Structural Behavior of Steel,https://rosap.ntl.bts.gov/view/dot/42892/dot_42892_DS1.pdf,e43c35e700389e330703767b447a28d1347336f06bd7660b92f63006540719bd,281,117996
fhwa-sbdh-v05,FHWA,Steel Bridge Design Handbook (HIF-16-002; 2015): Selecting the Right Bridge Type,https://rosap.ntl.bts.gov/view/dot/42909/dot_42909_DS1.pdf,242613ad3482d50d9fd481cbc116cdf09ff37fe61f172b456f93112c00a6d81a,27,9833
fhwa-sbdh-v06,FHWA,Steel Bridge Design Handbook (HIF-16-002; 2015): Stringer Bridges and Making the Right Choices,https://rosap.ntl.bts.gov/view/dot/42713/dot_42713_DS1.pdf,a66298d6ecbe04f2a7d36d217f3047ff3f506536efdc09dbb3f353eaa896d912,33,11451
fhwa-sbdh-v07,FHWA,Steel Bridge Design Handbook (HIF-16-002; 2015): Loads and Load Combinations,https://rosap.ntl.bts.gov/view/dot/42714/dot_42714_DS1.pdf,2b39e1ba31d4c9c6e4365a2edaec0e26d1ec104c26ec47c1efa26736d8b3b005,22,7088
fhwa-sbdh-v08,FHWA,Steel Bridge Design Handbook (HIF-16-002; 2015): Structural Analysis,https://rosap.ntl.bts.gov/view/dot/42906/dot_42906_DS1.pdf,9325f3a24266af20b12e20dba77fad364dba151a4a0edd10a876f6d677aebd65,55,20963
fhwa-sbdh-v09,FHWA,Steel Bridge Design Handbook (HIF-16-002; 2015): Redundancy,https://rosap.ntl.bts.gov/view/dot/42893/dot_42893_DS1.pdf,c07480fbfddb1bc1ac6164643b0eda7d8d652873d376afd71a2f8732af468ee7,23,7407
fhwa-sbdh-v10,FHWA,Steel Bridge Design Handbook (HIF-16-002; 2015): Limit States,https://rosap.ntl.bts.gov/view/dot/42895/dot_42895_DS1.pdf,0c1d05cee47e8392efc824212918f73598fb644cbbc03b7a788942a4bdb94914,18,4627
fhwa-sbdh-v11,FHWA,Steel Bridge Design Handbook (HIF-16-002; 2015): Design for Constructibility,https://rosap.ntl.bts.gov/view/dot/42905/dot_42905_DS1.pdf,4c43b67c979d79e571270d8e882b715a2f8e5a63eb8e934b561af7b96113b550,33,11846
fhwa-sbdh-v12,FHWA,Steel Bridge Design Handbook (HIF-16-002; 2015): Design for Fatigue,https://rosap.ntl.bts.gov/view/dot/42898/dot_42898_DS1.pdf,6beadcb2100659b27710127ae6994d38a43da2ea74ee9a140cd46ad19114240f,36,11394
fhwa-sbdh-v13,FHWA,Steel Bridge Design Handbook (HIF-16-002; 2015): Bracing System Design,https://rosap.ntl.bts.gov/view/dot/42710/dot_42710_DS1.pdf,867ec184ceb81698e3ad3aecb8bea12c49defa3a91cd69eeb8dd8951a6b048fb,91,35890
fhwa-sbdh-v14,FHWA,Steel Bridge Design Handbook (HIF-16-002; 2015): Splice Design,https://rosap.ntl.bts.gov/view/dot/42902/dot_42902_DS1.pdf,f830eb2571c9f51fbbf5c19d06220a696263f45302cb21925416455c6977a158,87,27230
fhwa-sbdh-v15,FHWA,Steel Bridge Design Handbook (HIF-16-002; 2015): Bearing Design,https://rosap.ntl.bts.gov/view/dot/42711/dot_42711_DS1.pdf,1d115e033a9aef18f6a1e037e5a47dab554e622596af45026da4e68757003841,26,9858
fhwa-sbdh-v16,FHWA,Steel Bridge Design Handbook (HIF-16-002; 2015): Substructure Design,https://rosap.ntl.bts.gov/view/dot/42897/dot_42897_DS1.pdf,136e2a17cd905915fa77d1da11ace4474b0de35a2e743eb894b20d9667bb640c,87,31939
fhwa-sbdh-v17,FHWA,Steel Bridge Design Handbook (HIF-16-002; 2015): Bridge Deck Design,https://rosap.ntl.bts.gov/view/dot/42908/dot_42908_DS1.pdf,ebae111b56b8275f38b6b9f208e89a75ca1bd7267bf8209987e82a0191ef1168,47,19994
fhwa-sbdh-v18,FHWA,Steel Bridge Design Handbook (HIF-16-002; 2015): Load Rating of Steel Bridges,https://rosap.ntl.bts.gov/view/dot/42900/dot_42900_DS1.pdf,b78a91b23760054a6eaa20b154fe1fab8a400b7c884bf78d3dc189be3495e74d,25,6080
fhwa-sbdh-v19,FHWA,Steel Bridge Design Handbook (HIF-16-002; 2015): Corrosion Protection of Steel Bridges,https://rosap.ntl.bts.gov/view/dot/42715/dot_42715_DS1.pdf,9294322a07621b466424649c4036147e95468107fb9af3370b800377f6c1b2cf,83,28258
fhwa-sbdh-ex1,FHWA,Steel Bridge Design Handbook (HIF-16-002; 2015): Design Example 1: Three-Span Continuous Straight Composite Steel I-Girder Bridge,https://rosap.ntl.bts.gov/view/dot/42904/dot_42904_DS1.pdf,1d3ce3ffa4919cca1258f840295a551c9c15eba483a1e9d994e467d7d94da7b7,172,60261
fhwa-sbdh-ex2a,FHWA,Steel Bridge Design Handbook (HIF-16-002; 2015): Design Example 2A: Two-Span Continuous Straight Composite Steel I-Girder Bridge,https://rosap.ntl.bts.gov/view/dot/42891/dot_42891_DS1.pdf,e0e5e993c490396126b160aa54ee1f8d03bff2bc7a71bed493aee0b196533e34,114,28161
fhwa-sbdh-ex2b,FHWA,Steel Bridge Design Handbook (HIF-16-002; 2015): Design Example 2B: Two-Span Continuous Straight Composite Steel Wide-Flange Beam Bridge,https://rosap.ntl.bts.gov/view/dot/42907/dot_42907_DS1.pdf,48a3ea10e76ddcaa95b2810b1115cb242fea942d6b8dcdaad8d1ba4ded152f32,84,16344
fhwa-sbdh-ex3,FHWA,Steel Bridge Design Handbook (HIF-16-002; 2015): Design Example 3: Three-Span Continuous Horizontally Curved Composite Steel I-Girder Bridge,https://rosap.ntl.bts.gov/view/dot/42903/dot_42903_DS1.pdf,4a745b9893af533fa15ea9cb576d6414bbde700a72c7f9bb37f14d51bd201cfb,159,49567
fhwa-sbdh-ex4,FHWA,Steel Bridge Design Handbook (HIF-16-002; 2015): Design Example 4: Three-Span Continuous Straight Composite Steel Tub Girder Bridge,https://rosap.ntl.bts.gov/view/dot/42899/dot_42899_DS1.pdf,2c9dd5810295a100dae3c561ed119001da5ff66698ecab326c694fb59f790986,106,33892
fhwa-sbdh-ex5,FHWA,Steel Bridge Design Handbook (HIF-16-002; 2015): Design Example 5: Three-Span Continuous Horizontally Curved Composite Steel Tub-Girder Bridge,https://rosap.ntl.bts.gov/view/dot/42896/dot_42896_DS1.pdf,d1261c628180d6973a4f46f3d684fe935de5e74b33f0c5c2491045d08bb6609b,184,65339
fhwa-hif24008,FHWA,TechBrief: Evaluation of Large-Format Metallic Additive Manufacturing (AM) for SteelBridge Applications,https://www.fhwa.dot.gov/bridge/pubs/hif24008.pdf,8d20af25e5c64d65ef0c209f42f812b1fa2302d1b3b8df9fa648f59db7944cbc,10,6507
fhwa-hif21046,FHWA,Evaluation of Steel Bridge Details for Susceptibility to Constraint-Induced Fracture,https://www.fhwa.dot.gov/bridge/pubs/hif21046.pdf,f60a24bb996583e17eaa394b32da2b74d7b94be58d43575e97694f8a7f9552c3,189,79415
fhwa-hif19093,FHWA,Bridge System Reliability and Reliability-Based Redundancy Factors,https://www.fhwa.dot.gov/bridge/pubs/hif19093.pdf,fe29a1aa6063457f7e4f68559838a9eebd70c96dccab81b661757f4af39797a5,62,25336
fhwa-hif19063,FHWA,Proposed LRFD Specifications for Noncomposite Steel Box-Section Members,https://www.fhwa.dot.gov/bridge/steel/pubs/hif19063.pdf,293919d16a73bcde4e540ff8381bd041acd9c7139b54542fc9bcd13e812dd656,373,152216
fhwa-hif18041,FHWA,Report on Techniques for Bridge Strengthening,https://www.fhwa.dot.gov/bridge/pubs/hif18041.pdf,feba0a506f6e64961adf9509fd0886f6c3ebdf7e0b9bd9327f4ad1ae8d9a78b2,93,41074
fhwa-hif18042,FHWA,Steel Truss Member Strengthening Design Example,https://www.fhwa.dot.gov/bridge/steel/pubs/hif18042.pdf,74c4cf93fd75ca34023ff562a3b819d8aef39eca478794fc0a3a68fe0704870b,44,8839
fhwa-hif18043,FHWA,Plate Girder Shear And Flexural Strengthening Design Example,https://www.fhwa.dot.gov/bridge/steel/pubs/hif18043.pdf,304eada0f4f94639a4ba2f398ba04b3740ee8a65a6567f77511839f3d881f05c,49,8906
fhwa-hif18044,FHWA,Stringer Retrofit Composite Action and Continuity Changes Design Example,https://www.fhwa.dot.gov/bridge/steel/pubs/hif18044.pdf,8011f0e060d9c63d43a7821d81aa1ed52931d68be364f325111788ec5a4f720c,31,5112
fhwa-hif18045,FHWA,Concrete Cap Strengthening Design Example,https://www.fhwa.dot.gov/bridge/steel/pubs/hif18045.pdf,3a9714eef5cf393d0901d15e82d0d186854d00f2088f8a77e80dc2f612e60081,35,4909
fhwa-hif18047,FHWA,Influence of Material Toughness on Fracture Reliability in Steel Bridges,https://www.fhwa.dot.gov/bridge/steel/pubs/hif18047.pdf,205a2f49673874be2a7b839c8af8f4f1baa2d5a9743362d2056d6a3ac5b9f953,46,7581
fhwa-hif16010,FHWA,Bridge Information Modeling (BrIM) Using Open Parametric Objects,https://www.fhwa.dot.gov/bridge/pubs/hif16010.pdf,34d4088e591b45d632342d694854cc00bfa90f5dc6553620666fa7b1cc0bcf1e,296,0
fhwa-hif11044,FHWA,Serviceability Limits and Economical Steel Bridge Design,https://www.fhwa.dot.gov/bridge/steel/pubs/hif11044/hif11044.pdf,6f6516dd423b91227eec6241ec7281c9513f2acc7ab20e3d836fc08ad5d174a4,102,17146
fhwa-hif11043,FHWA,Seismic Performance of Steel Plate Girder Bridges with Integral Abutments,https://www.fhwa.dot.gov/bridge/steel/pubs/hif11043/hif11043.pdf,db9755c220a39a69eb296ad067a9b9a6dea865f1700f2f8910c032fe5eb447e0,167,34452
fhwa-hif23003,FHWA,"Manual for Heat Straightening, Heat Curving and Cold Bending of Bridge Components",https://www.fhwa.dot.gov/bridge/pubs/hif23003.pdf,15cc58d31f4eb662adafd7d72b2695a8030230ba6ceebe2f8cc382bea1e3f254,263,97401
fhwa-hif22056,FHWA,Guide for Orthotropic Steel Deck Level 1 Design,https://www.fhwa.dot.gov/bridge/pubs/hif22056.pdf,9229d8eae4534df96222fd6ac04c56d6ec8bff408e7f9e090ca34164410985e4,34,6275
fhwa-hif22034,FHWA,Bridge Geometry Manual,https://www.fhwa.dot.gov/bridge/pubs/hif22034.pdf,d2e3efc3c266792fb3bf4ea501b4d939b3ec22a81eccf66456b0b15071ced46e,236,96347
fhwa-hif17020,FHWA,Contracting and Construction of ABC projects with Prefabricated Bridge Elements and Systems,https://www.fhwa.dot.gov/bridge/pubs/hif17020.pdf,96c72c4aa83237bf75934c33d05d888b1627bf6b11b805276500e1f10c7b7d27,167,67362
fhwa-hif17019,FHWA,"Engineering Design, Fabrication and Erection of Prefabricated Bridge Elements and Systems",https://www.fhwa.dot.gov/bridge/pubs/hif17019.pdf,8fa1ab6d9f8a62b6ba168a9c0da8749b6972adee59d4c999ccc98ca842b4e275,347,110928
nist-gcr-11-917-10,NIST,NEHRP Seismic Design Technical Brief 5: Composite Steel Deck and Concrete-filled Diaphragms,https://www.nehrp.gov/pdf/nistgcr11-917-10.pdf,960fccb8909868b9aacd8a4f44099932bf297ef68b6f028aac247a3f6ed43f55,38,22938
nist-gcr-11-917-11,NIST,NEHRP Seismic Design Technical Brief 6: Cast-in-Place Concrete Special Structural Walls and Coupling Beams (REV-1),https://www.nehrp.gov/pdf/nistgcr11-917-11.pdf,8443d31d4dd8904a8401cb21676a3ea194b67165689091475bdb8ccf6838c788,41,29235
nist-gcr-12-917-22,NIST,NEHRP Seismic Design Technical Brief 7: Reinforced Concrete Mat Foundations,https://www.nehrp.gov/pdf/nistgcr12-917-22.pdf,6e8ad0ec68c22f17582f537d06368a9f1426ad4d92eba59b7a161d9a63e40536,33,16269
nist-gcr-13-917-24,NIST,NEHRP Seismic Design Technical Brief 8: Steel Special Concentrically Braced Frame Systems,https://www.nehrp.gov/pdf/nistgcr13-917-24.pdf,a7f7263c4b5b3fa58763c5871a01c9513d9cfda47a9b9ee8b939348c6b3e3cf1,36,20682
nist-gcr-14-917-31,NIST,NEHRP Seismic Design Technical Brief 9: Special Reinforced Masonry Shear Walls,https://tsapps.nist.gov/publication/get_pdf.cfm?pub_id=917414,8494b4f1ee982b4aea10a23aef7c7bebc9b8869d1a00e33860ec1cbbc9f7c39c,42,27720
nist-gcr-14-917-32,NIST,NEHRP Seismic Design Technical Brief 10: Wood Light-Frame Structural Diaphragm Systems,https://tsapps.nist.gov/publication/get_pdf.cfm?pub_id=917416,ebdedce3ba93c72d4c057f7190bb64ab8ee22c3329e51390eb932ccf1dfa9330,47,29947
nist-gcr-15-917-34,NIST,NEHRP Seismic Design Technical Brief 11: Steel Buckling-Restrained Braced Frames,https://nvlpubs.nist.gov/nistpubs/gcr/2015/NIST.GCR.15-917-34.pdf,0d68a56840554780bcd11f843ccadac23221f0e711555d5fd23eb5f42894a00f,34,19113
nist-gcr-16-917-38,NIST,NEHRP Seismic Design Technical Brief 12: Cold-Formed Steel Lateral Load-Resisting Systems,https://nvlpubs.nist.gov/nistpubs/gcr/2016/NIST.GCR.16-917-38.pdf,9fbafb33f0ae77f7fbdc6eb969b0cb6c3fd8a25bff00231629f304e1dd6ad54e,56,29387
nasa-std-5002b,NASA,NASA-STD-5002B: Load Analyses of Spacecraft and Payloads (2026),https://standards.nasa.gov/system/files/tmp/Final%20Approved%20NASA-STD-5002_REV%20B%20-%2003-10-2026.pdf,ac11e639625c9cb6626b32ce523d6308c96a513d1532a677132d7a5e8a24344f,49,18678
nasa-std-5019a,NASA,NASA-STD-5019A w/Change 4: Fracture Control Requirements for Spaceflight Hardware,https://standards.nasa.gov/sites/default/files/standards/NASA/w/CHANGE-4/4/NASA-STD-5019A-w-Change-4-Revalidated-2025-09-05.pdf,f4c6a66868d02f2575b8b815a92825d2a4d29907feaf408bb93ba880a5f20fab,120,43132
usace-em-1110-2-410,USACE,EM 1110-2-410 | CECW | Design of Recreation Areas and Facilities - Access and Circulation | 12/31/1982,https://www.publications.usace.army.mil/Portals/76/Publications/EngineerManuals/EM_1110-2-410.pdf,b10706ac3a37c2349d22c8d23e1a1bb339548f0d82270d80d1f166b7fef999b5,107,38742
usace-em-1110-2-501,USACE,"EM 1110-2-501 | CECW-ET | Design, Construction, and Operation - Small Wastewater Systems | 2/1/1999",https://www.publications.usace.army.mil/Portals/76/Publications/EngineerManuals/EM_1110-2-501.pdf,0519a29609d1fc772c6c79f11f4f8249ea6eea11cc2752ff1b37c20a0b43658d,222,73398
usace-em-1110-2-503,USACE,EM 1110-2-503 | CECW-ET | Design of Small Water Systems | 2/27/1999,https://www.publications.usace.army.mil/Portals/76/Publications/EngineerManuals/EM_1110-2-503.pdf,2b27cb4c36c621ee502283008da8ccb84cf98acc1a87b0bc4b358684662ea218,83,68472
usace-em-1110-2-504,USACE,EM 1110-2-504 | CECW | Engineering and Design - Land Treatment Systems Operation and Maintenance | 11/30/1983,https://www.publications.usace.army.mil/Portals/76/Publications/EngineerManuals/EM_1110-2-504.pdf,c8d651ddc3ecfcd482c1bfebdf69d8d99225e768fa54269993941542aff5933f,57,22357
usace-em-1110-2-1003,USACE,EM 1110-2-1003 | CECW-CE I CECW-OD | Hydrographic Surveying | 11/30/2013,https://www.publications.usace.army.mil/Portals/76/Publications/EngineerManuals/EM_1110-2-1003.pdf,fa05d9450c828aa979867686b2fbbca5add83726dfdace582c9a6d2097bbf6bc,699,263673
usace-em-1110-2-1009,USACE,EM 1110-2-1009 | CECW-EE | Structural Deformation Surveying | 2/28/2018,https://www.publications.usace.army.mil/Portals/76/Publications/EngineerManuals/EM_1110-2-1009.pdf,a2f9457aefc834643ac7721e970e4c4a9bb9a732a60fb1714fd1db71f6a22efe,365,118095
usace-em-1110-2-1100-part-02,USACE,EM 1110-2-1100 | CECW-CE | Coastal Engineering Manual - Part II | 4/30/2002,https://www.publications.usace.army.mil/Portals/76/Publications/EngineerManuals/EM_1110-2-1100_Part-02.pdf,ce6e5578f35c4a36815b043f397d4cb0127eb74a46e12afc601d63ee4370a016,622,235813
usace-em-1110-2-1100-part-03,USACE,EM 1110-2-1100 | CECW-CE | Coastal Engineering Manual - Part III | 4/30/2002,https://www.publications.usace.army.mil/Portals/76/Publications/EngineerManuals/EM_1110-2-1100_Part-03.pdf,c2b0dad5743048c30b141e4b623013500ae2c8e84f8fab50d14db363b5bbdca3,476,181500
usace-em-1110-2-1100-part-04,USACE,EM 1110-2-1100 | CECW-CE | Coastal Engineering Manual - Part IV | 4/30/2002,https://www.publications.usace.army.mil/Portals/76/Publications/EngineerManuals/EM_1110-2-1100_Part-04.pdf,b441b6643fc1be5c718b4eea8f727bb54c65877bd80589da18d3e69470da14c2,232,98345
usace-em-1110-2-1100-part-05,USACE,EM 1110-2-1100 | CECW-CE | Coastal Engineering Manual - Part V | 4/30/2002,https://www.publications.usace.army.mil/Portals/76/Publications/EngineerManuals/EM_1110-2-1100_Part-05.pdf,38625c4d6a3ffc51a436770d1e0959aaea587be105467f193e1a9ccff2ee0a2b,673,324245
usace-em-1110-2-1100-part-06,USACE,EM 1110-2-1100 | CECW-CE | Coastal Engineering Manual - Part VI | 4/30/2002,https://www.publications.usace.army.mil/Portals/76/Publications/EngineerManuals/EM_1110-2-1100_Part-06.pdf,061c83335e109c4c6af211db4f103991e76321608895f55546a956a0c2e0c1f3,770,248417
usace-em-1110-2-1100-part-01,USACE,EM 1110-2-1100 | CECW-CE | Coastal Engineering Manual - Part I | 4/30/2002,https://www.publications.usace.army.mil/Portals/76/Publications/EngineerManuals/EM_1110-2-1100_Part-01.pdf,47330b10e79414a75c3f6e6892a98ca454f890b8864b693a45d19b6b0844da92,83,34628
usace-em-1110-2-1100-app-a,USACE,EM 1110-2-1100 | CECW-CE | Coastal Engineering Manual - Appendix A | 4/30/2002,https://www.publications.usace.army.mil/Portals/76/Publications/EngineerManuals/EM_1110-2-1100_App_A.pdf,69f922837161a8aa6e6072fa3df2f1de853e9491d181ff78f1c3f7f0e74a84a8,95,44627
usace-em-1110-2-1201,USACE,EM 1110-2-1201 | CEEC-EH | Reservoir Water Quality Analysis | 6/30/1987,https://www.publications.usace.army.mil/Portals/76/Publications/EngineerManuals/EM_1110-2-1201.pdf,fb3900dec3ca57b154d12c03d4e2bc8938e80c5465be3615d04acf482669a724,191,72061
usace-em-1110-2-1304-2021,USACE,EM 1110-2-1304 | CECW-EC | Civil Works Construction Cost Index System (CWCCIS) | 3/31/2021,https://www.publications.usace.army.mil/Portals/76/Users/182/86/2486/EM 1110-2-1304_2021.pdf,,,0
usace-em-1110-2-1406,USACE,EM 1110-2-1406 | CECW-EH | Runoff from Snowmelt | 3/31/1998,https://www.publications.usace.army.mil/Portals/76/Publications/EngineerManuals/EM_1110-2-1406.pdf,9aed2677ff9ef9f2365e03c439268dd8979afe14110be7adc5f78d4594a2ab80,142,70823
usace-em-1110-2-1413,USACE,EM 1110-2-1413 | CECW-CE | HYDROLOGIC ANALYSIS OF INTERIOR AREAS | 8/24/2018,https://www.publications.usace.army.mil/Portals/76/Users/227/19/2019/EM_1110-2-1413.pdf,15e0732c52dc8645a58ba09a6e9b3f6b0e3d396925e0b22abd872b2f60451170,136,48108
usace-em-1110-2-1415,USACE,EM 1110-2-1415 | CECW-EH-Y | Hydrologic Frequency Analysis | 3/5/1993,https://www.publications.usace.army.mil/Portals/76/Publications/EngineerManuals/EM_1110-2-1415.pdf,87eebb4390acf1465a41fc2c5ebe84a5272597be40ef5fd1df1c24c0fb1202ae,149,43836
usace-em-1110-2-1416,USACE,EM 1110-2-1416 | CECW-EH-Y | River Hydraulics | 10/15/1993,https://www.publications.usace.army.mil/Portals/76/Publications/EngineerManuals/EM_1110-2-1416.pdf,b6a04eec8af4a5dfd3b7bd5ea18e2927bd007e280896724b58350d8c8b2f415a,176,85971
usace-em-1110-2-1417,USACE,EM 1110-2-1417 | CECW-EH | Flood-Runoff Analysis | 8/31/1994,https://www.publications.usace.army.mil/Portals/76/Publications/EngineerManuals/EM_1110-2-1417.pdf,42ae199f678c4e046c336e748fe24fad065259e815afc26d899f6f8db90f72bb,214,103208
usace-em-1110-2-1420,USACE,EM 1110-2-1420 | CECW-EC | Engineering and Design Hydrologic Engineering Requirements for Reservoirs | 9/24/2018,https://www.publications.usace.army.mil/Portals/76/Users/182/86/2486/EM_1110-2-1420.pdf,6a328b4180db0782f1ba4b4a2640b6d146b00a07c74b23a14f97ebc6986e4b3f,244,103451
usace-em-1110-2-1421,USACE,EM 1110-2-1421 | CECW-EH | Groundwater Hydrology | 2/28/1999,https://www.publications.usace.army.mil/Portals/76/Publications/EngineerManuals/EM_1110-2-1421.pdf,06138e3fe5d6720694defd2c07058172349e346e4d1df8bb3a3983d41f220d6e,122,72457
usace-em-1110-2-1424,USACE,EM 1110-2-1424 | CECW-CE | Lubricants and Hydraulic Fluids | 1/29/2016,https://www.publications.usace.army.mil/Portals/76/Publications/EngineerManuals/EM_1110-2-1424.pdf,07f2ce528fa19c1760baaa3ea345335fc1dcb01cf78e71ed35e1cc3cb726d5d0,965,183136
usace-em-1110-2-1601,USACE,EM 1110-2-1601 | CECW-EH-D | Hydraulic Design of Flood Control Channels | 7/1/1991,https://www.publications.usace.army.mil/Portals/76/Publications/EngineerManuals/EM_1110-2-1601.pdf,281e0b95854e18d4b171757be92c059de80d6c13162b4165d8df9d218ea6b55b,183,62473
usace-em-1110-2-1602,USACE,EM 1110-2-1602 | CECW-EH-D | Hydraulic Design of Reservoir Outlet Works | 10/15/1980,https://www.publications.usace.army.mil/Portals/76/Publications/EngineerManuals/EM_1110-2-1602.pdf,ad77ef4acaff876f86d13d6530db4b945e7bcca799f4e2473db545cf74d95da7,201,56724
usace-em-1110-2-1603,USACE,EM 1110-2-1603 | CECW-ED-H | Hydraulic Design of Spillways | 1/16/1990,https://www.publications.usace.army.mil/Portals/76/Publications/EngineerManuals/EM_1110-2-1603.pdf,e47ee6349d9491a690735aa1c05f3c0bdd4f2e0cfc17cf488937f05d4d2f798c,170,42416
usace-em-1110-2-1604,USACE,EM 1110-2-1604 | CECW-EH-D | Hydraulic Design of Navigation Locks | 5/1/2006,https://www.publications.usace.army.mil/Portals/76/Publications/EngineerManuals/EM_1110-2-1604.pdf,2736997ff1da356a1bb2f1e4c737256a8421097757c315e1a8d91a613cda3478,196,75122
usace-em-1110-2-1605,USACE,EM 1110-2-1605 | CECW-EH-D | Hydraulic Design of Navigation Dams | 5/12/1987,https://www.publications.usace.army.mil/Portals/76/Publications/EngineerManuals/EM_1110-2-1605.pdf,857af829e5b5411c0b7008a428534bfefa6def0d5c6d46336d98364ec9554d4d,193,49256
usace-em-1110-2-1607,USACE,EM 1110-2-1607 | CECW-EH-D | Tidal Hydraulics | 3/15/1991,https://www.publications.usace.army.mil/Portals/76/Publications/EngineerManuals/EM_1110-2-1607.pdf,1920d265fb41a7851da4fde3665b3535af5319d5fc245ec4508519728b401561,154,58073
usace-em-1110-2-1610,USACE,EM 1110-2-1610 | CECW-CE | Hydraulic Design of Lock Culvert Valves | 9/30/2018,https://www.publications.usace.army.mil/Portals/76/Users/182/86/2486/EM_1110-2-1610.pdf,5b37daa306920f023e104c4b6b9488a170ecfb40629bfa0871decff3f318663f,160,25810
usace-em-1110-2-1611,USACE,EM 1110-2-1611 | CECW-ED | Layout and Design of Shallow-Draft Waterways | 12/31/1980,https://www.publications.usace.army.mil/Portals/76/Publications/EngineerManuals/EM_1110-2-1611.pdf,12692f357d8ca5dc7eb24df3de2c72c46aa73107b95488b30b2af72a5c60ba45,128,43554
usace-em-1110-2-1612,USACE,EM 1110-2-1612 | CECW-EH | Ice Engineering | 10/30/2002,https://www.publications.usace.army.mil/Portals/76/Users/182/86/2486/EM_1110-2-1612.pdf,47acc537414d47f20f019f9d36f32be0366f5881b13b8702f797759d4b0c8e3b,479,204797
usace-em-1110-2-1613,USACE,EM 1110-2-1613 | CECW-CE | Hydraulic Design of Deep Draft Navigation Projects | 5/31/2006,https://www.publications.usace.army.mil/Portals/76/Publications/EngineerManuals/EM_1110-2-1613.pdf,e5ae9a193586fbc11ad25be1319e034627e1488be1af7ef4e35076ae91ed7d34,212,73583
usace-em-1110-2-1614,USACE,"EM 1110-2-1614 | CECW-EH-D | Design of Coastal Revertments, Seawalls, and Bulkheads | 6/30/1995",https://www.publications.usace.army.mil/Portals/76/Publications/EngineerManuals/EM_1110-2-1614.pdf,d54cf0cd2b1dd77ea42c2d643ca7774026aa9c25d7b00a90d2dca7cabcf810ee,110,39388
usace-em-1110-2-1615,USACE,EM 1110-2-1615 | CECW-EH-D | Hydraulic Design of Small Boat Harbors | 9/25/1984,https://www.publications.usace.army.mil/Portals/76/Publications/EngineerManuals/EM_1110-2-1615.pdf,0fc0a9de4c96d81d368f1e163d754a07f8ec3979cd2c0367fa0207d257c464a5,132,38758
usace-em-1110-2-1701,USACE,EM 1110-2-1701 | CECW-EH | Hydropower | 12/31/1985,https://www.publications.usace.army.mil/Portals/76/Publications/EngineerManuals/EM_1110-2-1701.pdf,79f8c2cfb8c1285b36b8d93b407a8a5987695cc58f2d9b1aab78aca3e91f5909,812,252741
usace-em-1110-2-1810,USACE,EM 1110-2-1810 | CECW-EG | Coastal Geology | 1/31/1995,https://www.publications.usace.army.mil/Portals/76/Publications/EngineerManuals/EM_1110-2-1810.pdf,f3048a6901b7c595e6b8898479f4c631ce650e716074163018c716f1d215e49f,297,132549
usace-em-1110-2-1901,USACE,EM 1110-2-1901 | CECW-EG | Seepage Analysis and Control for Dams | 9/30/1986,https://www.publications.usace.army.mil/Portals/76/Publications/EngineerManuals/EM_1110-2-1901.pdf,a254367ecef217e57ed1936b44e7e221326a2a684610ba9a0bace428304279e0,392,125425
usace-em-1110-2-1902,USACE,EM 1110-2-1902 | CECW-EW | Slope Stability | 10/31/2003,https://www.publications.usace.army.mil/Portals/76/Publications/EngineerManuals/EM_1110-2-1902.pdf,39d02726e017a85449afb05cbb7bd80f2eee2c18c03fbb5cce210ceae24a818b,205,73975
usace-em-1110-2-1906,USACE,EM 1110-2-1906 | CECW-EG | Laboratory Soils Testing | 8/20/1986,https://www.publications.usace.army.mil/Portals/76/Publications/EngineerManuals/EM_1110-2-1906.pdf,6612c7539c9abb3d5a5386d264791049c213af1b34b9940f377e3f5240a63a5b,407,118096
usace-em-1110-2-1908,USACE,EM 1110-2-1908 | CECW-EC | Instrumentation of Embankment Dams and Levees | 11/30/2020,https://www.publications.usace.army.mil/Portals/76/Users/182/86/2486/EM 1110-2-1908.pdf,1d57c5f10701affb2640063dfa16cb3edb4efbd007334ecbd57b7dc75be6d875,290,109101
usace-em-1110-2-1911,USACE,EM 1110-2-1911 | CECW-ED | Construction Control for Earth and Rock-Fill Dams | 9/30/1995,https://www.publications.usace.army.mil/Portals/76/Publications/EngineerManuals/EM_1110-2-1911.pdf,7a1ae86fe6461388b46c07e4cd2f900efad014ecca6a80bd0bca0e836619e19b,101,61594
usace-em-1110-2-1914-final-20250307,USACE,"EM 1110-2-1914 | CECW-EC | Design, Construction, and Maintenance of Relief Wells | 3/7/2025",https://www.publications.usace.army.mil/Portals/76/Publications/EngineerManuals/EM 1110-2-1914_FINAL 20250307.pdf,afec313bc634d2cf033e6bd1e38d09d72163f9257a0e9add2955cf72fd77de78,455,155009
usace-em-1110-2-2000,USACE,EM 1110-2-2000 | CECW-EG | Standard Practice for Concrete for Civil Works Structures Proponent: CECW-EG | 3/31/2001,https://www.publications.usace.army.mil/Portals/76/Publications/EngineerManuals/EM_1110-2-2000.pdf,1e4b2596782933cf7f7e18cbb348f45d5066bdaa2cd5892ddd65a9441ebdf4cc,124,90842
usace-em-1110-2-2002,USACE,EM 1110-2-2002 | CECW-EG | Evaluation and Repair of Concrete Structures | 6/30/1995,https://www.publications.usace.army.mil/Portals/76/Publications/EngineerManuals/EM_1110-2-2002.pdf,21b1d36498fcac9fe861c5a70316048a8c25f1edd0ae8537da54710ee9dcbf9d,185,117323
usace-em-1110-2-2006,USACE,EM 1110-2-2006 | CECW-EG | Roller-Compacted Concrete | 1/15/2000,https://www.publications.usace.army.mil/Portals/76/Publications/EngineerManuals/EM_1110-2-2006.pdf,9f8e304fa5f7be2a3c4abf9988a56f8fc89675dc5e87c517649cc4a9ec6cb157,77,55523
usace-em-1110-2-2007,USACE,EM 1110-2-2007 | CECW-ED | Structural Design of Concrete Lined Flood Control Channels | 4/30/1995,https://www.publications.usace.army.mil/Portals/76/Publications/EngineerManuals/EM_1110-2-2007.pdf,8d7dc0f6d7746f8de60b7faea58888924f9b5780b90429df01c9437a10bbd8da,54,20081
usace-em-1110-2-2102,USACE,EM 1110-2-2102 | CECW-EG | Water stops and Other Preformed Joint Materials for Civil Works Structures | 9/30/1995,https://www.publications.usace.army.mil/Portals/76/Publications/EngineerManuals/EM_1110-2-2102.pdf,,,0
usace-em-1110-2-2104-2025-01-08-final,USACE,EM 1110-2-2104 | CECW-EC | Strength Design for Reinforced Concrete Hydraulic Structures | 1/8/2025,https://www.publications.usace.army.mil/Portals/76/Publications/EngineerManuals/EM 1110-2-2104_2025 01 08 - Final.pdf,2d6733e9a3e2e5d0fc82723cf30976780444b72c71a0b252d8e01bcdb421d706,135,49120
usace-em-1110-2-2107,USACE,EM 1110-2-2107 | CECW-EC | Design Of Hydraulic Steel Structures | 8/1/2022,https://www.publications.usace.army.mil/Portals/76/Users/182/86/2486/EM 1110-2-2107.pdf,72e2a205150bac9c058d7ccc9d5cdbdb981d4601a1482b096e64cf0342fe4b52,454,105131
usace-em-1110-2-2200,USACE,EM 1110-2-2200 | CECW-ED | Gravity Dam Design | 6/30/1995,https://www.publications.usace.army.mil/Portals/76/Publications/EngineerManuals/EM_1110-2-2200.pdf,08ab6d09b98633e78935c608904a65675e346f26b03490e554cab15cb5946849,88,37964
usace-em-1110-2-2201,USACE,EM 1110-2-2201 | CECW-ED | Arch Dam Design | 5/31/1994,https://www.publications.usace.army.mil/Portals/76/Publications/EngineerManuals/EM_1110-2-2201.pdf,b695da7c6214f2cf886bd52a2bb7b285b35f36ab4902eae9e2663f826a8b2330,240,82777
usace-em-1110-2-2300,USACE,EM 1110-2-2300 | CECW-EG | General Design and Construction Considerations For Earth and Rock-Fill Dams | 7/30/2004,https://www.publications.usace.army.mil/Portals/76/Publications/EngineerManuals/EM_1110-2-2300.pdf,3912797588ef314ce6ef41df1a3eed68da82086bbbd36851c78b60ddc10d65f2,130,62696
usace-em-1110-2-2301,USACE,EM 1110-2-2301 | CECW-EG | Test Quarries and Test Fills | 9/30/1994,https://www.publications.usace.army.mil/Portals/76/Publications/EngineerManuals/EM_1110-2-2301.pdf,e4481aee0d39308d2b6cc3ce1a1693398077592ec4f52f29b582598e624580ba,95,37115
usace-em-1110-2-2302,USACE,EM 1110-2-2302 | CECW-EG | Construction with Large Stone | 10/24/1990,https://www.publications.usace.army.mil/Portals/76/Publications/EngineerManuals/EM_1110-2-2302.pdf,1ce93ce10fb4bc25168590dc41ce7759512eacce5311cff26207db28ae77a06e,61,25831
usace-em-1110-2-2400,USACE,EM 1110-2-2400 | CECW | Structural Design and Evaluation of Outlet Works | 6/2/2003,https://www.publications.usace.army.mil/Portals/76/Publications/EngineerManuals/EM_1110-2-2400.pdf,1352bf62cdb946bb294189d5347687135fa982ea1ee8088d611fc720714c350c,143,46480
usace-em-1110-2-2502,USACE,EM 1110-2-2502 | CECW-EC | Flood Walls and other Hydraulic Retaining Walls | 8/1/2022,https://www.publications.usace.army.mil/Portals/76/Users/182/86/2486/EM 1110-2-2502.pdf,80d206c4b49aa91418e4f029987c1a6cee422b52543598f5c47334041a514cc7,732,252372
usace-em-1110-2-2503,USACE,EM 1110-2-2503 | CECW-EP | Design of Sheet Pile Cellular Structures Cofferdams and Retaining Structures | 6/11/1990,https://www.publications.usace.army.mil/Portals/76/Publications/EngineerManuals/EM_1110-2-2503.pdf,975c18885fb29496736fa962c5717ba4f43fd9a20ad8a81974ed3cede526faa4,186,51005
usace-em-1110-2-2602,USACE,EM 1110-2-2602 | CECW-ED | Planning and Design of Navigation Locks | 9/30/1995,https://www.publications.usace.army.mil/Portals/76/Publications/EngineerManuals/EM_1110-2-2602.pdf,dd1e32b48ae0cd4d49d77938b92965bf79e5cf090c2613b7002bfdc75392aaac,130,60389
usace-em-1110-2-2607,USACE,EM 1110-2-2607 | CECW-ED | Planning and Design of Navigation Dams | 7/31/1995,https://www.publications.usace.army.mil/Portals/76/Publications/EngineerManuals/EM_1110-2-2607.pdf,dd39b6d5e9a2277a3d016f6c917ea1d9a307c62210f878a1e3927767b6ea0f53,117,63777
usace-em-1110-2-2610-final-18mar2025,USACE,EM 1110-2-2610 | CECW-EC | Mechanical and Electrical Design for Civil Works Structures | 3/18/2025,https://www.publications.usace.army.mil/Portals/76/Publications/EngineerManuals/EM 1110-2-2610_FINAL_18Mar2025.pdf,02b531b7c0981ce2c69654d389197f6678b7e51f318cf5063e8333586ce1b3b9,853,284385
usace-em-1110-2-2611,USACE,EM 1110-2-2611 | CECW-EW | Engineering for Prefabricated Construction of Navigation Projects | 2/1/2004,https://www.publications.usace.army.mil/Portals/76/Publications/EngineerManuals/EM_1110-2-2611.pdf,43fa51af398076c685348c0eb7f424aa0275d39071d667960fc7ef84d95e2c61,61,26970
usace-11em-1110-2-2704-003,USACE,EM 1110-2-2704 | CECW-CE | Cathodic Protection Systems for Civil Works Structures | 3/31/2021,https://www.publications.usace.army.mil/Portals/76/Users/182/86/2486/11EM_1110-2-2704 (003).pdf,447d53e2eaa0efa7001b428ef1c717bcc11cccd5d10c6de0ea0fb3c04c979f51,263,73229
usace-em-1110-2-2901,USACE,EM 1110-2-2901 | CECW-EG | Tunnels and Shafts in Rocks | 5/30/1997,https://www.publications.usace.army.mil/Portals/76/Publications/EngineerManuals/EM_1110-2-2901.pdf,87943b6f51576ab213cdfc318ea0776706ccacf20be87e622e56cf9e31d39b3b,236,129245
usace-em-1110-2-2902a,USACE,"EM 1110-2-2902 | CECW-EC | Conduits, Pipes, and Culverts associated with Dams and Levee Systems | 12/31/2020",https://www.publications.usace.army.mil/Portals/76/Users/182/86/2486/EM 1110-2- 2902a.pdf,db8cefc97aa1f4acc98c44b2bf4f6fef8a9a92e58c5b82b6e63527376487d30f,404,130799
usace-em-1110-2-2906,USACE,EM 1110-2-2906 | CECW-ED | Design of Pile Foundations | 1/15/1991,https://www.publications.usace.army.mil/Portals/76/Publications/EngineerManuals/EM_1110-2-2906.pdf,84f4cfcb0f726510b6c461b7c7153b26eeb27c5469f89f81100800d245bd6c61,186,62987
usace-em-1110-2-3001,USACE,EM 1110-2-3001 | CECW-ED | Planning and Design of Hydroelectric Power Plant Structures | 10/10/2008,https://www.publications.usace.army.mil/Portals/76/Publications/EngineerManuals/EM_1110-2-3001.pdf,f7d494b788d7ae148a92ec569bc00f6f8f05f915d9a64954f59e552885b10813,49,29981
usace-em-1110-2-3006-2024apr22,USACE,EM 1110-2-3006 | CECW-EC | Mechanical and Electrical Design of Hydroelectric Power Plants | 4/22/2024,https://www.publications.usace.army.mil/Portals/76/Publications/EngineerManuals/EM 1110-2-3006_2024Apr22.pdf,6b5957c1e5bdf5f868abe42dcdc4ba3fd9f0a95cc94b0c634d9f679a95392228,484,246729
usace-em-1110-2-3104,USACE,EM 1110-2-3104 | CECW-ED | Structural and Architectural Design of Pumping Stations | 6/30/1989,https://www.publications.usace.army.mil/Portals/76/Publications/EngineerManuals/EM_1110-2-3104.pdf,ca91898717e732bf37e69c1ace02f59bc5ba3498cf646b5828f3a8b234cfd5ab,72,17192
usace-em-1110-2-3200,USACE,EM 1110-2-3200 | CECW-CE | Wire Rope For Civil Works Structures | 11/30/2016,https://www.publications.usace.army.mil/Portals/76/Publications/EngineerManuals/EM_1110-2-3200.pdf,0fc3c621a60bc402ca34780b46f6d529fc2bba88c075e725d9997389f12b44d2,313,36148
usace-em-1110-2-3400,USACE,EM 1110-2-3400 | CECW-EE | Painting: New Construction and Maintenance | 4/30/1995,https://www.publications.usace.army.mil/Portals/76/Publications/EngineerManuals/EM_1110-2-3400.pdf,8a5af0efadd67d2e6baae7833ff103867668d2e2101521d433b708057c798cfa,159,145026
usace-em-1110-2-3401,USACE,EM 1110-2-3401 | CECW-ET | Thermal Spraying: New Construction and Maintenance | 1/29/1999,https://www.publications.usace.army.mil/Portals/76/Publications/EngineerManuals/EM_1110-2-3401.pdf,5401d1f7a4e4877a36acea2816adf3526aafd5be08a764998313fbdeee143d25,88,46291
usace-em-1110-2-3402,USACE,EM 1110-2-3402 | CECW-CE | Barge Impact Forces For Hydraulic Structures | 8/1/2022,https://www.publications.usace.army.mil/Portals/76/Users/182/86/2486/EM 1110-2-3402.pdf,034c98d3f1e47f644092bffbc34ebbaf41025d1a7f5465505378da22784efb18,352,121366
usace-em-1110-2-3506,USACE,EM 1110-2-3506 | CECW-EG | Grouting Technology | 3/31/2017,https://www.publications.usace.army.mil/Portals/76/Publications/EngineerManuals/EM_1110-2-3506.pdf,6f0ed71bd205836b37062e4858345b1632ee47c07b25b93519bd682ae85d836a,538,203550
usace-em-1110-2-3600,USACE,EM 1110-2-3600 | CECW-CE | Management of Water Control Systems | 10/10/2017,https://www.publications.usace.army.mil/Portals/76/Publications/EngineerManuals/EM_1110-2-3600.pdf,fe60a53a8cd4843f1e614647859517c2456669c2224e1b75d74d4e05f9ad8935,178,95954
usace-em-1110-2-3800,USACE,EM 1110-2-3800 | CECW-EC | Engineering and Design Blasting for Rock Excavations. | 10/30/2018,https://www.publications.usace.army.mil/Portals/76/Users/182/86/2486/EM_1110-2-3800.pdf,5e3006d0bebbe3ad1f712be076cf458b0af2d4c58da62e0c572b15d87ddcfd61,352,145419
usace-em-1110-2-4300,USACE,EM 1110-2-4300 | CECW-ED | Instrumentation for Concrete Structures | 11/30/1987,https://www.publications.usace.army.mil/Portals/76/Publications/EngineerManuals/EM_1110-2-4300.pdf,653ef021cbad7d85d37f9fd8a17187266a307774ab4931a030c65d10d61e0165,306,88133
usace-em-1110-2-5025,USACE,"EM 1110-2-5025 | CECW-EW | Engineering and Design, Dredging and Dredged Material Management | 7/31/2015",https://www.publications.usace.army.mil/Portals/76/Publications/EngineerManuals/EM_1110-2-5025.pdf,b97cfe68af916262dd713ba7e59e07bf8b82e0e6c643cfe3f0e3e6f2b5233037,920,399842
usace-em-1110-2-6050,USACE,EM 1110-2-6050 | CECW-ET | Response Spectra and Seismic Analysis for Concrete Hydraulic Structures | 6/30/1999,https://www.publications.usace.army.mil/Portals/76/Publications/EngineerManuals/EM_1110-2-6050.pdf,4c59bd6cf27caa566b6e22ecc8219ce60feac82a7c4dabe1602f08d70614531d,248,78093
usace-em-1110-2-6051,USACE,EM 1110-2-6051 | CECW-EW | Time-History Dynamic Analysis of Concrete Hydraulic Structures | 12/22/2003,https://www.publications.usace.army.mil/Portals/76/Publications/EngineerManuals/EM_1110-2-6051.pdf,4318f62801627fb235dee886bff37dbf84856c476cdc6e99b1650fa62c31fd8f,401,103451
usace-em-1110-2-6054,USACE,"EM 1110-2-6054 | CECW-ED | Inspection, Evaluation and Repair of Hydraulic Steel Structures | 12/1/2001",https://www.publications.usace.army.mil/Portals/76/Publications/EngineerManuals/EM_1110-2-6054.pdf,080d67a84c423b3840b7445a5cc5fde88ef0b77a8d31025494cf2c5a820688f9,133,56398
usace-em-1110-2-6055,USACE,EM 1110-2-6055 | CECW-CE / CECW-CO | Inland Electronic Navigational Chart Engineering Manual | 2/27/2015,https://www.publications.usace.army.mil/Portals/76/Publications/EngineerManuals/EM_1110-2-6055.pdf,6a57ba484707880c59795f0a61dc75faacb54609e21ee8281e764e36afc7cf29,104,30109
usace-em-1110-2-6056,USACE,EM 1110-2-6056 | CECW-CE | Standards and Procedures for Referencing Project Evaluation Grades to Nationwide Vertical Datum's | 12/31/2010,https://www.publications.usace.army.mil/Portals/76/Publications/EngineerManuals/EM_1110-2-6056.pdf,319b9413b7e5ef683a39095bcc68fb53544a4e629dbd1d700a3f5d0ba26e670e,422,158793
fema-p-58-1,FEMA,"FEMA P-58-1: Seismic Performance Assessment of Buildings, Vol. 1 Methodology (2nd ed., 2026 update)",https://www.fema.gov/sites/default/files/documents/fema_building-science_p-58-1_2026.pdf,d9800ef0f1da2c79f0aea5d7486114b2c0505aff985733173bd37c64cae8fb84,340,97816
fema-p-58-2,FEMA,"FEMA P-58-2: Seismic Performance Assessment of Buildings, Vol. 2 Implementation Guide (2026 update)",https://www.fema.gov/sites/default/files/documents/fema_building-science_p-58-2_2026.pdf,46b1d6e8907715483d36e5c840fd0f528666092b043672db9f6886ff65d2414a,378,94340
fema-p-1050-2,FEMA,"FEMA P-1050-2: 2015 NEHRP Recommended Seismic Provisions, Vol. II Part 3 Resource Papers",https://www.fema.gov/sites/default/files/2020-07/fema_earthquakes_2015-nehrp-provisions-volume-ii--part-3-resource-papers-p-1050-2.pdf,13d84aea21830b8f3f437025b4d80f391ae6d2d9e8280ce8a2bb23c09c3f999e,174,96917
fema-p-2006,FEMA,FEMA P-2006: Example Application Guide for ASCE/SEI 41-13 Seismic Evaluation and Retrofit,https://www.fema.gov/sites/default/files/2020-08/fema_application-guide-seismic-eval-retrofit_p-2006_6-18.pdf,7a4d4fcb509753fecb568ea28bb34f2b725cd44a0831682300ad8c54f754d982,940,288172
fema-p-795,FEMA,FEMA P-795: Quantification of Building Seismic Performance Factors: Component Equivalency Methodology (P-695 companion),https://www.fema.gov/sites/default/files/2020-08/fema_earthquakes_quantification-of-building-seismic-performance-factors-component-equivalency-methodology-fema-p-795.pdf,ade974f93d8393bafef8419a68d22833d0e7222b972de77983441987d3748287,292,90189
fema-nehrp-examples-v2,FEMA,2020 NEHRP Design Examples Vol. 2,https://www.fema.gov/sites/default/files/documents/fema_nehrp_design-examples-training-materials_volume-2.pdf,20659cc14c21f132a23dff870d71c6b32c1424ca72489c47d49197fcef547665,836,57557
fema-nehrp-examples-v3,FEMA,2020 NEHRP Design Examples Vol. 3,https://www.fema.gov/sites/default/files/documents/fema_nehrp_design-examples-training-materials_volume-3.pdf,5ab779ed60ea2cb5795f4e02dbf5bcaf209b6a4200e16dceda5e5933994ce50d,35,0
fhwa-hif24085,FHWA,Tech Brief: Long-Term Monitoring of Post-Tensioning Tendon Force Using Optical Fiber Technology,https://www.fhwa.dot.gov/bridge/concrete/hif24085.pdf,8ced17c8049a6d93b7be26dd6850330392e91c3af97ecf2e181cbf9e53f32be6,26,16605
fhwa-hif22031,FHWA,State-of-the-Practice Report Partial-Depth Precast Concrete Deck Panels,https://www.fhwa.dot.gov/bridge/concrete/hif22031.pdf,8102614f13372aa50da352aae51b25f29ba6b4c5fd75bed6ca19e2f1d44ec777,167,56518
fhwa-hif20041,FHWA,Tech Brief: Methodology for Risk Assessment of Post-Tensioning Tendons,https://www.fhwa.dot.gov/bridge/concrete/hif20041.pdf,731922806b5ef1418ca0b697c4e9cabb61f7dd614d7691b7165b5f205978f8c6,7,3618
fhwa-hif19067-nov2021,FHWA,Lightweight Concrete Bridge Design Primer,https://www.fhwa.dot.gov/bridge/concrete/hif19067_Nov2021.pdf,beac1e6ca470fec98a5a7a48e8f7b840a8d9ad55632554d6863405bf6dec4fdc,150,68140
fhwa-hif19094,FHWA,State-of-the-Practice Report Monitorable Post-Tensioning Systems,https://www.fhwa.dot.gov/bridge/concrete/hif19094.pdf,8581c9790aff30386cd927efd6730a51adad786eab9712649a29d99d9986d8d6,67,23943
fhwa-hif20042,FHWA,Tech Brief: Development of Reference Criteria for Electrically Isolated Post-Tensioning Tendons in U.S. Bridge Applications,https://www.fhwa.dot.gov/bridge/concrete/hif20042.pdf,8b8e114691269837b58535066d9094a55d11726f6f70b2f273aa40a003e8ec9e,13,6252
fhwa-hif18029,FHWA,Tech Brief: Designing and Detailing Post-Tesioned Bridges to Accommodate Nondestructive Evaluation,https://www.fhwa.dot.gov/bridge/concrete/hif18029.pdf,5d261ded190e667eacdc11a203e36ae96cc9ee4ff0384511e0c807abcd84d1a3,14,5658
fhwa-hif18028,FHWA,Tech Brief: Performance of Concrete Highway Bridge Decks Using Nationwide Condition Data,https://www.fhwa.dot.gov/bridge/concrete/hif18028.pdf,f2b3ff2bad66d00083e9bdf353eba9f3a6f0c4b54791818cc561abe53de61309,14,5516
fhwa-hif19067,FHWA,Replaceable Grouted External Post-Tensioned Tendons,https://www.fhwa.dot.gov/bridge/concrete/hif19067.pdf,ab811093e040acc647fca03873b5afe6ac90b243141eca49c99ad0de6e3358c9,47,8586
fhwa-nhi17071,FHWA,"Strut-and-Tie Modeling (STM) for Concrete Structures, Design Examples",https://www.fhwa.dot.gov/bridge/concrete/nhi17071.pdf,9c92afec204a75f973e94e07e7ccee0b23ba5912fd1489bb935b11f7f4e9d548,196,45337
fhwa-hif15016,FHWA,Post-Tensioned Box Girder Design Manual,https://www.fhwa.dot.gov/bridge/concrete/hif15016.pdf,d44afb21acbc7e53868abe03f577923e857ef75b5c0621f25c34aa59d5f433b1,389,94468
fhwa-hif13026,FHWA,Post Tensioning Tendon Installation and Grouting Manual,https://www.fhwa.dot.gov/bridge/construction/pubs/hif13026.pdf,042ea92c7a0dabdae27145df765ca89e2ba3689fb3624d54d295ca4897cf0700,184,64529
usace-em-1110-1-400,USACE,EM 1110-1-400 | CECW-CO | Recreation Facility and Customer Services Standards | 11/1/2004,https://www.publications.usace.army.mil/Portals/76/Publications/EngineerManuals/EM_1110-1-400.pdf,0c778d5e169e28908c8bceba8bf32648933be51faf6b75db7c1602e1708840c1,203,38959
usace-em-1110-1-501,USACE,"EM 1110-1-501 | CEMP-ET, DAEN-CWE-BU, DAEN-MPE-D | Process Design Manual for Land Treatment of Municipal Wastewater | 5/20/1982",https://www.publications.usace.army.mil/Portals/76/Publications/EngineerManuals/EM_1110-1-501.pdf,1bb142b3b918952efa842d9241870ffd54563fe42e0adb43fa05b32ad1686800,464,131369
usace-em-1110-1-1000,USACE,EM 1110-1-1000 | CECW-CE | Photogrammetric and LiDAR Mapping | 4/30/2015,https://www.publications.usace.army.mil/Portals/76/Publications/EngineerManuals/EM_1110-1-1000.pdf,a00a7d70b9b090a9ce7f6ee4e6c77d6f583f1d4ac3b76f709acbc4474e4bea23,611,232409
usace-em-1110-1-1002,USACE,EM 1110-1-1002 | CECW-EE | Survey Markers and Monumentations | 3/1/2012,https://www.publications.usace.army.mil/Portals/76/Publications/EngineerManuals/EM_1110-1-1002.pdf,7b1c9a8b68a40143d6123a6d24c7a4b87f7299e60830fbe8f88e18d215697e63,72,22015
usace-em-1110-1-1003,USACE,EM 1110-1-1003 | CECW-EE | Navstar Global Positioning System Surveying | 2/28/2011,https://www.publications.usace.army.mil/Portals/76/Publications/EngineerManuals/EM_1110-1-1003.pdf,a4b432a638eb27be1709803c28cbc57d39623acb6e7aa8a2eaa70e064bcd92e2,518,179780
usace-em-1110-1-1005,USACE,EM 1110-1-1005 | CECW-CE | Control and Topographic Surveying | 1/1/2007,https://www.publications.usace.army.mil/Portals/76/Publications/EngineerManuals/EM_1110-1-1005.pdf,c28c1ee9a483d5e94515b518e03a1c11a2afafed9029de928651ad0f40871792,498,196832
usace-em-1110-1-1802,USACE,EM 1110-1-1802 | CECW-EG | Geophysical Exploration for Engineering and Environmental Investigations | 8/31/1995,https://www.publications.usace.army.mil/Portals/76/Publications/EngineerManuals/EM_1110-1-1802.pdf,e15d051cca181cc823e987a9e27b5a031039734aace009fe0b251243bf8dbd48,208,132303
usace-em-1110-1-1804,USACE,EM 1110-1-1804 | CECW-ET | Geotechnical Investigations | 1/1/2001,https://www.publications.usace.army.mil/Portals/76/Publications/EngineerManuals/EM_1110-1-1804.pdf,0e62ab720256cdcbce694dba43d35e79b9ecbffc3e4fbbb2f38b16b7c363e675,449,203963
usace-em-1110-1-2009,USACE,EM 1110-1-2009 | CECW-EG | Architectural Concrete | 10/31/1997,https://www.publications.usace.army.mil/Portals/76/Publications/EngineerManuals/EM_1110-1-2009.pdf,c3f572dfdb8e6865082effdc155fb82272a740ad43e62843352cc6e09afce1ef,43,20527
usace-em-1110-1-2907,USACE,EM 1110-1-2907 | CECW-EG | Rock Reinforcement | 2/15/1980,https://www.publications.usace.army.mil/Portals/76/Publications/EngineerManuals/EM_1110-1-2907.pdf,c8c18a02d92cedd42616adb066171857ccaffcaf7d235dfeeb2944ceb91cc95e,202,74233
usace-em-1110-1-2908,USACE,EM 1110-1-2908 | CECW-EG | Rock Foundations | 11/30/1994,https://www.publications.usace.army.mil/Portals/76/Publications/EngineerManuals/EM_1110-1-2908.pdf,d5fbe14f0a5a39d9060417577dae10c5180ab7861fb85fe2c9be969f57f7e4d8,120,72201
usace-em-1110-1-2909,USACE,EM 1110-1-2909 | CECW-CE | Geospatial Data and Systems | 9/1/2012,https://www.publications.usace.army.mil/Portals/76/Publications/EngineerManuals/EM_1110-1-2909.pdf,dfef3f91caa7a351797ada669bf1bc8fb47ee0bb75b411ceb31cd6c32a70e944,224,94871
usace-em-1110-1-2910,USACE,EM 1110-1-2910 | CECW-CE | Remote Sensing | 3/10/2021,https://www.publications.usace.army.mil/Portals/76/Users/182/86/2486/EM 1110-1-2910.pdf,fc57373b3696304a27dd9c700edee370611384c1e966c401cfa856fb56aaab5b,115,40004
usace-em-1110-1-3500,USACE,EM 1110-1-3500 | CECW-EG | Chemical Grouting | 1/31/1995,https://www.publications.usace.army.mil/Portals/76/Publications/EngineerManuals/EM_1110-1-3500.pdf,271f2d5fefa2c4a29f677f425d743ca44c6eacfc696e83d1f3dc89c0f40fa013,34,19003
usace-em-1110-1-4006,USACE,EM 1110-1-4006 | CEMP-RT | Removal of Underground Storage Tanks (USTs) | 9/30/1998,https://www.publications.usace.army.mil/Portals/76/Publications/EngineerManuals/EM_1110-1-4006.pdf,e1b00e52bd5e9e7b6cc3e307aff80f9ebcbb7dff63465c9742dfe5e6c576be45,253,83457
usace-em-1110-1-4008,USACE,EM 1110-1-4008 | CEMP-RA | Liquid Process Piping | 5/5/1999,https://www.publications.usace.army.mil/Portals/76/Publications/EngineerManuals/EM_1110-1-4008.pdf,f23912af233012229bb9de69f293989c7a3a7cd0b416bf7563406d747203c94e,245,92043
usace-em-1110-1-4011,USACE,EM 1110-1-4011 | CEMP-RA | Construction Quality Assurance (CQA) Plan - Requirements for Hazardous Waste Landfills | 10/1/1999,https://www.publications.usace.army.mil/Portals/76/Publications/EngineerManuals/EM_1110-1-4011.pdf,,,0
usace-em-1110-1-4012,USACE,EM 1110-1-4012 | CEMP-CE | Precipitation/Coagulation/Flocculation | 11/15/2001,https://www.publications.usace.army.mil/Portals/76/Publications/EngineerManuals/EM_1110-1-4012.pdf,f04acd1ae643497a7f4c2f0cb1a3668e50b903a19725b6a4312fc980d7aad86c,101,27992
fema-p-58-6,FEMA,FEMA P-58-6: Guidelines for Performance-Based Seismic Design of Buildings (2026),https://www.fema.gov/sites/default/files/documents/fema_building-science_p-58-6_2026.pdf,66663e08c3090424daf4edb544c39dacee36ad32f6f7d883867ad6eedb9fc9dc,92,27089
fema-p-58-4,FEMA,"FEMA P-58-4: Seismic Performance Assessment of Buildings, Vol. 4 Environmental Impacts",https://www.fema.gov/sites/default/files/documents/fema_p-58-4_volume4_environmental-Impacts.pdf,,,0
fema-p-58-5,FEMA,"FEMA P-58-5: Seismic Performance Assessment of Buildings, Vol. 5 Expected Seismic Performance of Code-Conforming Buildings",https://www.fema.gov/sites/default/files/documents/fema_p-58-5_volume5_expected_performance.pdf,,,0
fema-p-58-7,FEMA,FEMA P-58-7: Building the Performance You Need,https://www.fema.gov/sites/default/files/documents/fema_p-58-7_building_the_performance_you_need.pdf,a592d6f6b1de01221b77afccfe40023a9b91e149cf58743138097864605c91cc,28,8671
fema-p-2355,FEMA,FEMA P-2355: Guidelines for Post-Earthquake Repair and Retrofit of Buildings (2025),https://www.fema.gov/sites/default/files/documents/fema_rsl_guidelines-for-post-earthquake-repair-and-retrofit-of-buildings-p2355_042025.pdf,05675387b10b80d3dd422d3e8c705f84bf9d1797d32dfaecda5215e2e8b0fecc,212,72655
fema-rsl-cordoning-2025,FEMA,FEMA: Cordoning of Earthquake-Damaged Buildings (2025),https://www.fema.gov/sites/default/files/documents/fema_rsl_cordoning-earthquake-damaged-buildings_042025.pdf,5e754a0088af7dbce8bc7d4eff3530ff22a2f43b9d422af537719abc79bdf2e4,80,18721
fema-p-2343-v1,FEMA,"FEMA P-2343: Improving Performance of Buildings in Very High-Seismic Regions, Vol. 1",https://www.fema.gov/sites/default/files/documents/fema_p-2343-improving-performance-of-buildings-in-very-high-seismic-regions-volume-1.pdf,66453a54924564f702db7741aae694a125c7886b41dffa5c720a6234650c13c7,570,167021
fema-p-2343-v2,FEMA,"FEMA P-2343: Improving Performance of Buildings in Very High-Seismic Regions, Vol. 2 Supporting Resources",https://www.fema.gov/sites/default/files/documents/fema_p-2343-improving-performance-of-buildings-in-very-high-seismic-regions-volume-2.pdf,40a70c61a65beb7284051c4b715f419e72dd11145d96fb09b3659c5a8e1c3c65,458,18339
fema-p-2055-1,FEMA,FEMA P-2055-1: Guidance on Accelerated Building Reoccupancy (2023),https://www.fema.gov/sites/default/files/documents/fema_rm-p-2055-1-guidance-accelerated-building-reoccupancy_012023.pdf,b81af759c4e73c77ac100aae91a20720293f6b102ac629b9df1522eab17a9728,116,31248
fema-p-2055,FEMA,FEMA P-2055: Post-Disaster Building Safety Evaluation Guidance (2019),https://www.fema.gov/sites/default/files/2020-07/fema_p-2055_post-disaster_buildingsafety_evaluation_2019.pdf,c28bb28dbab1a20bbffea85495cfea17234fe937955a978f452723037ce15969,228,80349
fema-p-2208,FEMA,FEMA P-2208,https://www.fema.gov/sites/default/files/documents/fema_p-2208.pdf,309fcd7a1df3cb838456e88a935b581d10e3f878176780641f2200cac00ccb2e,710,244832
fema-p-2192,FEMA,FEMA P-2192: NEHRP Provisions Seismic Design Maps for the 2024 IRC and IBC,https://www.fema.gov/sites/default/files/documents/fema_p-2192-nehrp-provisions-seismic-design-maps-2024-irc-ibc.pdf,4b306294c3d7b09c56f5b51c778eadee3d81cb065d3ef6d3a47263350493b313,35,3385
fema-p-2091,FEMA,FEMA P-2091: A Practical Guide to Soil-Structure Interaction,https://www.fema.gov/sites/default/files/documents/fema_p-2091-soil-structure-interaction.pdf,1a6102b9f3bb7f3ce5c70f40401b663926848efe0c267ced35415c7ac48e8c6a,218,65705
fema-p-1026,FEMA,FEMA P-1026: Seismic Design of Rigid Wall-Flexible Diaphragm Buildings,https://www.fema.gov/sites/default/files/documents/fema-p-1026.pdf,6ad0f563a0ced4175cdb5e7cce5bd68bb146c983267246052474f6d92096e7f4,254,70078
fema-p-50,FEMA,"FEMA P-50: Simplified Seismic Assessment of Detached, Single-Family, Wood-Frame Dwellings",https://www.fema.gov/sites/default/files/documents/fema_p-50-simplified-assessments-detached-single-family-wood-frame-dwellings.pdf,07eee4106c12dda890c342c0a2e206ebbdd7ff060bb80b5795e6dc29c283ae48,190,45621
fema-p-50-1,FEMA,"FEMA P-50-1: Seismic Retrofit Guidelines for Detached, Single-Family, Wood-Frame Dwellings",https://www.fema.gov/sites/default/files/documents/fema_p-50-1-seismic-retrofit-guidelines-8252021.pdf,2e416d55ee46bf64bbc9bb2e0072f09de6d9aa7fc3090febf7c78abbdd57deda,168,46416
fema-p-424,FEMA,"FEMA P-424: Design Guide for Improving School Safety in Earthquakes, Floods, and High Winds",https://www.fema.gov/sites/default/files/documents/fema_p-424-design-guide-improving-school-safety.pdf,e1031b3c33f5597ebf946d42419473d826c060d36fabb634bbb9486987dd3b24,396,130346
fema-p-2078,FEMA,FEMA P-2078: Procedures for Developing Multi-Period Response Spectra at Non-Conterminous United States Sites,https://www.fema.gov/sites/default/files/2020-11/fema_p-2078_multi-period-response-spectra_08-01-2020.pdf,5bebbf5bc427b84a120b81ca14ecb024dbf5b76eaa93813abe115e01e1e0827e,558,114951
fema-p-1100,FEMA,"FEMA P-1100: Vulnerability-Base Seismic Assessment and Retrofit of One- and Two-Family Dwellings, Vol. 1 Prestandard",https://www.fema.gov/sites/default/files/2020-08/fema_seismic-retrofit-family-dwellings-prestandard_p-1100.pdf,653e631b8fef5025fc16675d5b6bbb02b739d9d610bcd8edf6512a954b38f2c9,290,86379
fema-p-1100-2a,FEMA,"FEMA P-1100-2A: Seismic Retrofit of One- and Two-Family Dwellings, Crawlspace",https://www.fema.gov/sites/default/files/2020-08/fema_seismic-retrofit-family-dwellings-crawlspace_p-1100-2a.pdf,16b2d55aed7609e61f23bee279f331c14fe8ae19fdbc330692ea7647c5a0e2b3,34,12026
fema-p-1100-2b,FEMA,"FEMA P-1100-2B: Seismic Retrofit of One- and Two-Family Dwellings, Living Space over Garage",https://www.fema.gov/sites/default/files/2020-08/fema_seismic-retrofit-family-dwellings-garage_p-1100-2b.pdf,74df8210b863cbf5c1ca231ba1cd47a19412efe2273db76036bcd9fdb0ede1e6,44,26390
fema-p-1100-2c,FEMA,"FEMA P-1100-2C: Seismic Retrofit of One- and Two-Family Dwellings, Masonry Chimney",https://www.fema.gov/sites/default/files/2020-08/fema_seismic-retrofit-family-dwellings-chimney_p-1100-2c.pdf,0ffea78f782d855b400aff92d006612485853ca218f6c516a3d233e7f38d6713,16,4736
fema-p-1024-ra2,FEMA,FEMA P-1024 RA2: Earthquake Strengthening of Cripple Walls in Wood-Frame Dwellings,https://www.fema.gov/sites/default/files/documents/fema_earthquakes_earthquake-strengthening-of-cripple-walls-in-wood-frame-dwellings-fema-p-1024-ra2.pdf,cd7227f9b27dce522cc47f76ea6e59c6dbde9a844d332b1ae6bf7bb1381d91cb,26,7670
fema-p-1024,FEMA,FEMA P-1024: Performance of Buildings and Nonstructural Components in the 2014 South Napa Earthquake,https://www.fema.gov/sites/default/files/documents/fema_earthquakes-performance-buildings-nonstructural-components-south-napa-earthquake-p-1024.pdf,e9248b92cedf16de87810f67a19e6a24aa4116ab8057b2d3606e2ac56da67155,359,82456
fema-p-1024-ra1,FEMA,FEMA P-1024 RA1: Repair of Earthquake-Damaged Masonry Fireplace Chimneys,https://www.fema.gov/sites/default/files/documents/fema_earthquakes_repair-of-earthquake-damaged-masonry-fireplace-chimneys-fema-p-1024-ra1.pdf,bf96bc4aed14f39841f95361df3310c1a0206abb30eb9a6b990d23c7aa0725b4,11,76
fema-p-2018,FEMA,FEMA P-2018: Seismic Evaluation of Older Concrete Buildings for Collapse Potential,https://www.fema.gov/sites/default/files/2020-08/fema_seismic-eval-older-concrete-buildings_p-2018.pdf,ef57d84397a0f951a1c8d5fefb7d3d5fd457a15ea92ff941205310071c9d9efc,334,100160
fema-p-1091,FEMA,FEMA P-1091: Recommended Changes to Seismic Design Category B Provisions,https://www.fema.gov/sites/default/files/2020-08/fema_provisions-seismic-design-cat-b-buildings_p-1091.pdf,68f194dd2806ab5dfd6d58e17836f109baae8c6f9c7fd9c6d0d32d9d35cd8fca,80,24115
fema-p-1051b,FEMA,"FEMA P-1051B: 2015 NEHRP Provisions Design Examples, Flow Charts",https://www.fema.gov/sites/default/files/2020-07/fema_earthquakes_2015-nehrp-provisions-design-examples-flow-charts-p-1051b.pdf,22ababfa828db4f0c1e11e7f46ccdaa74e3401076df36625deee6b27b27267b2,31,4266
fema-p-154,FEMA,FEMA P-154: Rapid Visual Screening of Buildings for Potential Seismic Hazards: A Handbook (3rd ed.),https://www.fema.gov/sites/default/files/2020-07/fema_earthquakes_rapid-visual-screening-of-buildings-for-potential-seismic-hazards-a-handbook-third-edition-fema-p-154.pdf,5feafd8122be4b72f575f5fb946175a43912de8841dac7e8807c2487266fc7a3,388,105638
fema-p-1019,FEMA,FEMA P-1019: Emergency Power Systems for Critical Facilities,https://www.fema.gov/sites/default/files/2020-07/fema_p-1019_final_02-06-2015.pdf,73f4af6645829fd5981eb0a5e3af022340f78508048b61f941291f79b144ae75,170,54801
fema-nehrp-2000-commentary,FEMA,"2000 NEHRP Recommended Provisions for Seismic Regulations for New Buildings, Part 2 Commentary",https://www.fema.gov/sites/default/files/2020-08/fema_earthquakes_nehrp-recommended-provisions-for-seismic-regulations-for-new-buildings-and-other-structures-2000-part-2-commentary.pdf,8deec8a02a014c1e5ba1d4c0a0e40bcd2504ce45ad9049de6e5e7129053bea14,462,232876
fema-e-74,FEMA,"FEMA E-74: Reducing the Risks of Nonstructural Earthquake Damage, A Practical Guide",https://www.fema.gov/sites/default/files/2020-07/fema_earthquakes_reducing-the-risks-of-nonstructural-earthquake-damage-a-practical-guide-fema-e-74.pdf,f8763ed7ffb1108661347df35360fe6c58b951285d4803773a764e7a4870083a,885,183525
fema-p-749,FEMA,FEMA P-749: Earthquake-Resistant Design Concepts (2022),https://www.fema.gov/sites/default/files/documents/fema_p-749-earthquake-resistant-design-concepts_112022.pdf,265755a5d9c13216fadf91ad97baf0378239ffd337be43237aa515a92cbd69d7,182,56874
fema-p-232,FEMA,FEMA P-232: Homebuilders' Guide to Earthquake-Resistant Design and Construction (2024),https://www.fema.gov/sites/default/files/documents/fema_p-232_september2024.pdf,093e586bd3926c02ec9eeac92f48ba59098297098f02e54102ff18a4ae929cd6,266,82790
nist-gcr-14-917-30,NIST,NIST GCR 14-917-30: Use of High-Strength Reinforcement in Earthquake-Resistant Concrete Structures,https://nvlpubs.nist.gov/nistpubs/gcr/2014/NIST.GCR.14-917-30.pdf,1f19334c13e00ccd4e57ad8098833a81bd7c1561e5b78143dd8fa6ad0e1ee48b,231,92909
nist-gcr-15-917-37,NIST,NIST GCR 15-917-37: International Resilience Symposium: Understanding Standards for Communities and Built Infrastructure Resilience,https://nvlpubs.nist.gov/nistpubs/gcr/2015/NIST.GCR.15-917-37.pdf,71fe88e6b59d285bcbec8d453f3f617d079e3dd2ed2c0401776342d7d12978ec,105,61747
nist-gcr-16-917-39,NIST,NIST GCR 16-917-39: Critical Assessment of Lifeline System Performance,https://nvlpubs.nist.gov/nistpubs/gcr/2016/NIST.GCR.16-917-39.pdf,b22a02ed5e5f4cf9732d1681673024a55d56dd643c8105079d610de554f7608f,392,179922
nist-gcr-17-917-44,NIST,"NIST GCR 17-917-44: Seismic Analysis, Design, and Installation of Nonstructural Components and Systems",https://nvlpubs.nist.gov/nistpubs/gcr/2017/NIST.GCR.17-917-44.pdf,adc6444a6f192f926ba04e0e57c7e0b68fe0aa301aa186895cbbd52e9c2d8422,228,92374
nist-gcr-17-917-45,NIST,NIST GCR 17-917-45: Recommended Modeling Parameters and Acceptance Criteria for Nonlinear Analysis,https://nvlpubs.nist.gov/nistpubs/gcr/2017/NIST.GCR.17-917-45.pdf,97c96e711e74457b98be9d2acda78bfedc06d426ec31f024f6c362a46bdbacbb,597,144102
nist-gcr-18-917-43,NIST,NIST GCR 18-917-43: Recommendations for Improved Seismic Performance of Nonstructural Components,https://nvlpubs.nist.gov/nistpubs/gcr/2018/NIST.GCR.18-917-43.pdf,6b3845d92ac48722f64cca120ea3b818f688f958e27effd1b5f3a1e4c68ec967,309,119485
nist-gcr-22-917-50,NIST,NIST GCR 22-917-50: Benchmarking Evaluation Methodologies for Existing Reinforced Concrete Buildings,https://nvlpubs.nist.gov/nistpubs/gcr/2022/NIST.GCR.22-917-50.pdf,a31fa7f1a7058518342ef45245c8fca52bb8707bdb080afe7eccf242df9a0643,519,158287
nist-gcr-22-917-51,NIST,NIST GCR 22-917-51: Research Plan for Pre-Northridge PJP-Welded Column Splices and Weak Panel Zones,https://nvlpubs.nist.gov/nistpubs/gcr/2022/NIST.GCR.22-917-51.pdf,5b52c6437fa743c3f23e9d9fb11fabc5eaa454222027e889932159bfb40baa25,222,84738
nist-gcr-12-917-21,NIST,NIST GCR 12-917-21: Soil-Structure Interaction for Building Structures,https://www.nehrp.gov/pdf/nistgcr12-917-21.pdf,d635a41de7dc2578cad39ac5bfa079d8eb67cc14f3112e4615ecf4e2394c0910,292,84508
nist-gcr-11-917-15,NIST,NIST GCR 11-917-15: Selecting and Scaling Earthquake Ground Motions for Performing Response-History Analyses,https://www.nehrp.gov/pdf/nistgcr11-917-15.pdf,324c739548e0e88edd364d373201e82f0c43cb199ed40b938dc6c87cae9932d4,256,101547
nist-gcr-10-917-8,NIST,NIST GCR 10-917-8: Evaluation of the FEMA P-695 Methodology for Quantification of Building Seismic Performance Factors,https://www.nehrp.gov/pdf/nistgcr10-917-8.pdf,75eff5203ab94b235cd94c880924fc9c8313cb280b686952baa4b271121f2e87,268,77666
nist-gcr-10-917-9,NIST,NIST GCR 10-917-9: Applicability of Nonlinear Multiple-Degree-of-Freedom Modeling for Design,https://www.nehrp.gov/pdf/nistgcr10-917-9.pdf,ee5c7cfb497cbb26c10d1b209da1ac77514d21347fbeeecd8e4c64f42202474c,222,72527
nist-gcr-17-917-46v1,NIST,"NIST GCR 17-917-46v1: Guidelines for Nonlinear Structural Analysis for Design of Buildings, Part I General",https://nvlpubs.nist.gov/nistpubs/gcr/2017/NIST.GCR.17-917-46v1.pdf,348ff431d7e2830b273722f29e1021c4726f05d9e145989a7df91d871a6d472b,137,47863
nist-gcr-17-917-46v2,NIST,"NIST GCR 17-917-46v2: Guidelines for Nonlinear Structural Analysis for Design of Buildings, Part IIa Steel Moment Frames",https://nvlpubs.nist.gov/nistpubs/gcr/2017/NIST.GCR.17-917-46v2.pdf,8ed279dfc3f92f5d6cdb205978329df6c79f968ff22e4718d6f93109ce7a3c33,145,45404
nist-gcr-17-917-46v3,NIST,"NIST GCR 17-917-46v3: Guidelines for Nonlinear Structural Analysis for Design of Buildings, Part IIb Reinforced Concrete Moment Frames",https://nvlpubs.nist.gov/nistpubs/gcr/2017/NIST.GCR.17-917-46v3.pdf,202dd6a5b8c780363b63dd1c2086afe1e78eb705753bff52f049070778bb8d95,135,36075
